index,y1,y2,y3,y4,y5,y6,y7,y8,y10,y11,y12,y14,y15,y17,y19,y20,y22,y23,y26,n27,n28,n29,n30,n31,n32,n33,n34,n36,n37,n38,n40,n41,n43,n45,n46,n48,n49,n52,n53,n54,n55,n56,n57,n58,n59,n60,n62,n63,n64,n66,n67,n69,n71,n72,n74,n75,n78,t79,t80,t81,t82,t83,t84,t85,t86,t88,t89,t90,t92,t93,t95,t97,t98,t100,t101,t104,t105,t106,t107,t108,t109,t110,t111,t112,t114,t115,t116,t118,t119,t121,t123,t124,t126,t127,t130
mq0z1pftb9fb1491f0mq0z1emauzk1mc,1.0,5.0,5.0,2.0,5.0,2.0,2.0,1.0,5.0,2.0,4.0,2.0,4.0,2.0,5.0,5.0,2.0,5.0,1.0,4.0,5.0,3.0,5.0,3.0,4.0,5.0,2.0,5.0,3.0,5.0,2.0,5.0,5.0,5.0,5.0,4.0,5.0,5.0,4.0,4.0,3.0,5.0,4.0,5.0,4.0,4.0,1.0,3.0,5.0,2.0,3.0,5.0,3.0,3.0,5.0,5.0,4.0,2.0,5.0,5.0,5.0,5.0,4.0,4.0,3.0,5.0,4.0,3.0,5.0,4.0,5.0,5.0,5.0,5.0,5.0,1.0,5.0,4.0,4.0,5.0,5.0,5.0,1.0,1.0,5.0,4.0,5.0,4.0,5.0,1.0,3.0,5.0,5.0,5.0,5.0
9xkor55metywungy9xkor5f6rhjyubo4,4.0,4.0,5.0,4.0,2.0,4.0,5.0,5.0,5.0,5.0,5.0,4.0,5.0,4.0,5.0,5.0,5.0,4.0,5.0,5.0,5.0,5.0,5.0,4.0,4.0,5.0,1.0,5.0,5.0,5.0,1.0,5.0,5.0,5.0,5.0,5.0,5.0,5.0,5.0,4.0,5.0,5.0,5.0,5.0,5.0,5.0,1.0,5.0,5.0,5.0,5.0,5.0,1.0,5.0,5.0,5.0,5.0,1.0,5.0,5.0,5.0,5.0,5.0,5.0,5.0,5.0,5.0,5.0,5.0,5.0,5.0,5.0,4.0,5.0,5.0,1.0,5.0,5.0,5.0,5.0,1.0,4.0,5.0,1.0,5.0,5.0,5.0,5.0,1.0,5.0,5.0,5.0,5.0,5.0,5.0
opb2crl2dnaqzs5q21opb2rkiczpuqfk,4.0,4.0,4.0,2.0,5.0,5.0,2.0,5.0,4.0,2.0,5.0,4.0,4.0,4.0,4.0,5.0,4.0,4.0,5.0,5.0,4.0,5.0,5.0,3.0,5.0,4.0,3.0,4.0,4.0,5.0,1.0,4.0,5.0,5.0,5.0,5.0,5.0,3.0,4.0,5.0,4.0,5.0,5.0,4.0,4.0,4.0,1.0,4.0,5.0,5.0,3.0,5.0,4.0,3.0,5.0,4.0,5.0,1.0,5.0,5.0,5.0,5.0,5.0,4.0,3.0,5.0,4.0,5.0,4.0,5.0,5.0,4.0,5.0,3.0,4.0,1.0,5.0,4.0,5.0,5.0,5.0,5.0,2.0,2.0,5.0,5.0,5.0,5.0,4.0,5.0,5.0,5.0,5.0,5.0,4.0
58exkvxr5tbkkbmvg58exkvemw0mo0r4,2.0,2.0,4.0,2.0,2.0,5.0,4.0,4.0,5.0,2.0,4.0,4.0,5.0,4.0,5.0,5.0,4.0,4.0,5.0,5.0,5.0,3.0,4.0,5.0,5.0,5.0,1.0,5.0,5.0,4.0,1.0,5.0,3.0,4.0,5.0,5.0,5.0,4.0,5.0,5.0,4.0,5.0,4.0,5.0,4.0,5.0,1.0,4.0,4.0,1.0,1.0,5.0,4.0,5.0,5.0,5.0,5.0,1.0,5.0,5.0,5.0,5.0,4.0,4.0,4.0,5.0,5.0,5.0,4.0,5.0,4.0,5.0,5.0,4.0,5.0,2.0,5.0,4.0,3.0,5.0,5.0,3.0,5.0,1.0,5.0,4.0,5.0,5.0,5.0,5.0,5.0,5.0,5.0,4.0,5.0
2n30a8y1j7yohzf2n3062b74tir8c4gn,2.0,5.0,1.0,5.0,5.0,2.0,2.0,1.0,4.0,5.0,5.0,4.0,4.0,1.0,5.0,2.0,2.0,4.0,5.0,5.0,5.0,5.0,5.0,5.0,5.0,5.0,1.0,5.0,5.0,5.0,1.0,5.0,5.0,5.0,5.0,5.0,5.0,5.0,5.0,5.0,5.0,5.0,5.0,5.0,5.0,5.0,1.0,5.0,5.0,5.0,1.0,5.0,5.0,5.0,5.0,5.0,5.0,1.0,5.0,5.0,5.0,5.0,5.0,5.0,5.0,5.0,5.0,5.0,5.0,5.0,5.0,5.0,5.0,5.0,5.0,1.0,5.0,5.0,5.0,5.0,5.0,5.0,5.0,1.0,5.0,5.0,5.0,5.0,5.0,5.0,5.0,5.0,5.0,5.0,5.0
3vaqwob2kbf9f3syua3vaqwob2b60mmn,2.0,4.0,4.0,4.0,5.0,5.0,5.0,5.0,4.0,2.0,4.0,4.0,2.0,5.0,5.0,5.0,5.0,2.0,5.0,3.0,4.0,3.0,5.0,5.0,5.0,5.0,3.0,4.0,2.0,5.0,1.0,5.0,4.0,5.0,5.0,4.0,5.0,4.0,4.0,5.0,4.0,5.0,4.0,5.0,4.0,4.0,1.0,4.0,5.0,5.0,1.0,5.0,4.0,5.0,5.0,5.0,5.0,1.0,4.0,4.0,5.0,5.0,4.0,4.0,4.0,4.0,5.0,5.0,4.0,4.0,5.0,5.0,5.0,4.0,5.0,1.0,5.0,4.0,4.0,5.0,5.0,5.0,3.0,2.0,5.0,5.0,3.0,5.0,5.0,5.0,5.0,5.0,4.0,5.0,5.0
xl5n6ha4ermq2ihy6cxl5nkmlrem0xyo,2.0,2.0,2.0,2.0,2.0,1.0,4.0,1.0,5.0,5.0,5.0,4.0,4.0,4.0,5.0,5.0,4.0,5.0,5.0,3.0,5.0,5.0,5.0,5.0,5.0,5.0,1.0,5.0,5.0,5.0,1.0,5.0,5.0,3.0,5.0,5.0,5.0,5.0,5.0,5.0,5.0,5.0,5.0,5.0,3.0,5.0,1.0,5.0,5.0,1.0,3.0,5.0,3.0,3.0,5.0,3.0,5.0,1.0,5.0,5.0,5.0,5.0,5.0,5.0,5.0,5.0,5.0,5.0,5.0,5.0,5.0,5.0,5.0,5.0,5.0,1.0,5.0,5.0,5.0,5.0,5.0,5.0,3.0,3.0,5.0,5.0,5.0,5.0,5.0,5.0,1.0,5.0,5.0,5.0,5.0
mo1pr8vlw64ueotl5tlr5mo1pr8vtc4t,4.0,2.0,5.0,1.0,5.0,4.0,1.0,5.0,5.0,2.0,5.0,5.0,2.0,4.0,5.0,2.0,4.0,5.0,5.0,5.0,5.0,2.0,5.0,5.0,5.0,5.0,3.0,4.0,4.0,5.0,1.0,5.0,4.0,3.0,5.0,5.0,5.0,3.0,5.0,4.0,3.0,4.0,4.0,4.0,4.0,4.0,3.0,4.0,4.0,3.0,3.0,2.0,5.0,5.0,3.0,5.0,5.0,2.0,5.0,5.0,5.0,5.0,5.0,5.0,5.0,5.0,5.0,4.0,4.0,4.0,3.0,3.0,3.0,3.0,3.0,3.0,5.0,3.0,3.0,3.0,5.0,3.0,2.0,2.0,5.0,4.0,5.0,5.0,3.0,5.0,3.0,3.0,5.0,4.0,4.0
0q36mwytqaagdeo0i0q36ils99vvr7yl,4.0,2.0,1.0,2.0,2.0,2.0,2.0,5.0,4.0,2.0,5.0,4.0,4.0,2.0,5.0,4.0,4.0,2.0,5.0,5.0,3.0,3.0,5.0,5.0,5.0,5.0,1.0,5.0,5.0,5.0,1.0,5.0,1.0,4.0,5.0,4.0,5.0,5.0,4.0,4.0,5.0,5.0,5.0,5.0,5.0,5.0,1.0,4.0,5.0,5.0,1.0,3.0,4.0,5.0,5.0,3.0,5.0,1.0,4.0,5.0,5.0,5.0,5.0,4.0,5.0,5.0,5.0,5.0,4.0,4.0,3.0,4.0,3.0,4.0,4.0,1.0,4.0,4.0,5.0,5.0,5.0,5.0,5.0,5.0,4.0,3.0,5.0,4.0,5.0,5.0,4.0,5.0,5.0,5.0,5.0
3w7wit6swyhwmtu3w7wxicfmwsedtmqp,2.0,1.0,5.0,5.0,2.0,5.0,2.0,5.0,1.0,4.0,4.0,5.0,4.0,4.0,5.0,1.0,5.0,1.0,5.0,4.0,3.0,1.0,3.0,1.0,3.0,4.0,3.0,4.0,3.0,3.0,3.0,3.0,4.0,4.0,4.0,4.0,2.0,3.0,2.0,4.0,1.0,4.0,4.0,3.0,4.0,3.0,2.0,4.0,3.0,3.0,4.0,5.0,4.0,2.0,5.0,5.0,5.0,2.0,2.0,3.0,4.0,3.0,3.0,4.0,3.0,3.0,4.0,4.0,4.0,3.0,4.0,4.0,4.0,1.0,3.0,2.0,5.0,4.0,3.0,5.0,3.0,4.0,3.0,3.0,2.0,4.0,4.0,4.0,4.0,2.0,3.0,5.0,4.0,5.0,4.0
ajwh5czlqsobaj5gpqj7flntalbp5yhx,4.0,2.0,1.0,1.0,2.0,1.0,1.0,1.0,1.0,5.0,5.0,4.0,4.0,1.0,5.0,1.0,4.0,2.0,1.0,3.0,3.0,1.0,3.0,3.0,3.0,3.0,4.0,3.0,5.0,5.0,4.0,3.0,2.0,3.0,2.0,2.0,2.0,2.0,3.0,3.0,2.0,5.0,4.0,3.0,1.0,3.0,4.0,5.0,3.0,3.0,5.0,5.0,3.0,4.0,4.0,3.0,3.0,1.0,4.0,3.0,4.0,4.0,3.0,2.0,1.0,4.0,3.0,3.0,4.0,3.0,3.0,3.0,3.0,2.0,2.0,3.0,5.0,2.0,2.0,5.0,3.0,2.0,3.0,3.0,3.0,3.0,5.0,5.0,5.0,5.0,5.0,4.0,4.0,5.0,4.0
7gbgdlboxfgszl47xbkt7gbgw4fobbhf,4.0,4.0,1.0,2.0,2.0,1.0,1.0,1.0,2.0,2.0,4.0,4.0,2.0,2.0,5.0,5.0,4.0,4.0,1.0,2.0,3.0,2.0,3.0,2.0,4.0,2.0,3.0,3.0,1.0,4.0,2.0,3.0,3.0,4.0,4.0,3.0,5.0,2.0,3.0,3.0,4.0,5.0,4.0,4.0,3.0,3.0,3.0,3.0,5.0,5.0,4.0,5.0,3.0,5.0,3.0,5.0,3.0,3.0,3.0,3.0,4.0,5.0,4.0,3.0,3.0,3.0,4.0,3.0,3.0,3.0,3.0,3.0,3.0,3.0,3.0,3.0,2.0,3.0,3.0,3.0,5.0,4.0,4.0,2.0,4.0,5.0,5.0,4.0,2.0,5.0,2.0,5.0,3.0,5.0,5.0
14fdq24rb663809r3t5ajs14fdq45e8k,4.0,2.0,2.0,2.0,2.0,1.0,5.0,5.0,4.0,2.0,5.0,1.0,4.0,2.0,5.0,5.0,2.0,4.0,5.0,2.0,1.0,3.0,3.0,3.0,4.0,3.0,3.0,3.0,2.0,3.0,4.0,1.0,3.0,3.0,3.0,2.0,2.0,3.0,1.0,1.0,3.0,4.0,3.0,2.0,3.0,2.0,3.0,2.0,1.0,5.0,3.0,5.0,2.0,1.0,3.0,4.0,3.0,2.0,4.0,3.0,4.0,3.0,3.0,3.0,2.0,3.0,2.0,2.0,2.0,2.0,4.0,4.0,4.0,2.0,2.0,3.0,3.0,3.0,3.0,4.0,3.0,4.0,4.0,4.0,1.0,2.0,3.0,3.0,3.0,3.0,3.0,5.0,3.0,3.0,3.0
qalptyo5f6dxok2hwyqalptytjulja36,4.0,2.0,1.0,5.0,2.0,1.0,1.0,1.0,4.0,5.0,2.0,4.0,2.0,1.0,5.0,5.0,2.0,1.0,5.0,3.0,3.0,3.0,4.0,4.0,3.0,3.0,2.0,4.0,3.0,4.0,2.0,4.0,3.0,4.0,5.0,3.0,3.0,3.0,4.0,2.0,3.0,5.0,3.0,4.0,2.0,3.0,2.0,4.0,4.0,2.0,3.0,3.0,2.0,3.0,4.0,4.0,4.0,3.0,3.0,3.0,4.0,3.0,4.0,3.0,4.0,4.0,3.0,3.0,3.0,4.0,3.0,3.0,3.0,4.0,4.0,3.0,4.0,4.0,3.0,4.0,4.0,4.0,3.0,3.0,3.0,3.0,3.0,4.0,3.0,4.0,5.0,4.0,4.0,3.0,3.0
c0nmrp8r2yo75knqxz0s3h6ip0c0nmrp,1.0,4.0,5.0,2.0,2.0,1.0,2.0,5.0,2.0,5.0,1.0,4.0,4.0,2.0,1.0,1.0,2.0,5.0,5.0,5.0,4.0,3.0,5.0,5.0,5.0,5.0,1.0,5.0,4.0,5.0,1.0,4.0,5.0,2.0,5.0,3.0,5.0,3.0,3.0,5.0,1.0,5.0,3.0,5.0,5.0,5.0,2.0,4.0,5.0,2.0,2.0,3.0,4.0,4.0,4.0,5.0,5.0,1.0,2.0,4.0,4.0,4.0,4.0,5.0,5.0,2.0,4.0,2.0,2.0,3.0,1.0,1.0,1.0,2.0,2.0,3.0,2.0,1.0,3.0,5.0,2.0,3.0,3.0,2.0,5.0,3.0,5.0,5.0,4.0,1.0,1.0,3.0,5.0,5.0,5.0
by9fzl29ox7odh65cmxby9fzl0epzssj,2.0,2.0,5.0,5.0,5.0,5.0,5.0,5.0,4.0,1.0,5.0,4.0,4.0,4.0,5.0,5.0,5.0,4.0,5.0,4.0,5.0,3.0,5.0,5.0,5.0,4.0,1.0,5.0,5.0,5.0,1.0,5.0,5.0,5.0,5.0,5.0,5.0,5.0,5.0,5.0,5.0,5.0,5.0,5.0,5.0,5.0,1.0,5.0,5.0,3.0,3.0,5.0,4.0,5.0,5.0,1.0,4.0,1.0,5.0,5.0,5.0,5.0,5.0,5.0,5.0,5.0,5.0,5.0,5.0,5.0,4.0,5.0,5.0,3.0,4.0,1.0,5.0,4.0,4.0,5.0,5.0,5.0,3.0,1.0,5.0,3.0,5.0,5.0,5.0,5.0,3.0,5.0,5.0,5.0,5.0
sazukn04qo6axs1w4sazud2l8sdbhwyb,2.0,4.0,5.0,4.0,5.0,5.0,5.0,5.0,5.0,5.0,5.0,4.0,4.0,5.0,5.0,5.0,5.0,5.0,5.0,5.0,5.0,5.0,5.0,5.0,5.0,5.0,1.0,5.0,5.0,5.0,1.0,5.0,5.0,5.0,5.0,5.0,5.0,5.0,5.0,5.0,5.0,5.0,5.0,5.0,5.0,5.0,1.0,5.0,5.0,5.0,1.0,5.0,4.0,5.0,5.0,5.0,4.0,1.0,5.0,5.0,5.0,5.0,5.0,5.0,5.0,5.0,5.0,5.0,5.0,5.0,5.0,5.0,5.0,5.0,5.0,1.0,5.0,5.0,5.0,5.0,5.0,5.0,5.0,2.0,5.0,5.0,5.0,5.0,5.0,5.0,5.0,5.0,5.0,5.0,5.0
5cz8ncvvdl3pyh5d5cz8ncediat4zlvs,4.0,4.0,5.0,2.0,4.0,1.0,5.0,4.0,1.0,2.0,4.0,4.0,4.0,1.0,5.0,5.0,2.0,5.0,1.0,5.0,2.0,1.0,3.0,4.0,5.0,3.0,3.0,5.0,2.0,5.0,2.0,4.0,4.0,4.0,5.0,4.0,4.0,3.0,2.0,4.0,1.0,5.0,4.0,1.0,3.0,4.0,1.0,2.0,3.0,3.0,4.0,3.0,3.0,3.0,4.0,3.0,4.0,3.0,3.0,2.0,5.0,4.0,4.0,5.0,3.0,2.0,4.0,3.0,3.0,4.0,3.0,3.0,3.0,2.0,2.0,3.0,3.0,2.0,3.0,3.0,3.0,2.0,3.0,4.0,3.0,2.0,3.0,1.0,3.0,3.0,4.0,5.0,2.0,3.0,3.0
7h1dkovtwdq9oev37hcel0xpiuri4ae5,2.0,2.0,1.0,2.0,5.0,1.0,2.0,1.0,4.0,5.0,5.0,4.0,4.0,4.0,5.0,1.0,5.0,4.0,1.0,3.0,4.0,3.0,3.0,3.0,3.0,3.0,3.0,3.0,3.0,3.0,3.0,3.0,3.0,3.0,3.0,3.0,3.0,3.0,3.0,3.0,3.0,3.0,3.0,3.0,3.0,3.0,3.0,3.0,3.0,4.0,2.0,3.0,3.0,3.0,3.0,3.0,3.0,3.0,3.0,3.0,3.0,3.0,3.0,3.0,3.0,3.0,3.0,3.0,3.0,3.0,3.0,3.0,3.0,3.0,3.0,2.0,3.0,3.0,3.0,4.0,4.0,3.0,5.0,5.0,3.0,3.0,5.0,5.0,3.0,4.0,5.0,5.0,3.0,4.0,4.0
5urp88htuchik9y0f30g5urp8dqa3aqg,4.0,2.0,5.0,5.0,5.0,5.0,4.0,4.0,4.0,2.0,5.0,4.0,5.0,4.0,5.0,5.0,4.0,4.0,5.0,5.0,5.0,4.0,5.0,5.0,5.0,5.0,1.0,5.0,5.0,5.0,1.0,5.0,5.0,5.0,5.0,5.0,5.0,5.0,5.0,5.0,5.0,5.0,5.0,5.0,5.0,5.0,3.0,5.0,5.0,2.0,4.0,5.0,4.0,5.0,5.0,5.0,5.0,1.0,5.0,5.0,5.0,5.0,4.0,5.0,5.0,5.0,5.0,5.0,3.0,5.0,5.0,5.0,5.0,5.0,5.0,1.0,5.0,5.0,5.0,5.0,5.0,5.0,3.0,5.0,5.0,5.0,5.0,5.0,5.0,5.0,3.0,5.0,5.0,5.0,5.0
h289erd2vmcis8swq578wkah289erw0b,4.0,2.0,5.0,5.0,2.0,5.0,5.0,4.0,5.0,2.0,5.0,4.0,5.0,4.0,5.0,5.0,4.0,4.0,5.0,3.0,5.0,4.0,5.0,5.0,4.0,5.0,2.0,4.0,3.0,5.0,1.0,4.0,4.0,3.0,5.0,4.0,5.0,5.0,4.0,3.0,5.0,5.0,1.0,3.0,3.0,4.0,1.0,3.0,3.0,5.0,5.0,5.0,5.0,4.0,5.0,3.0,4.0,1.0,5.0,5.0,5.0,4.0,4.0,4.0,4.0,5.0,5.0,4.0,3.0,4.0,5.0,4.0,5.0,5.0,5.0,1.0,5.0,5.0,3.0,5.0,5.0,5.0,1.0,2.0,5.0,5.0,5.0,5.0,5.0,5.0,5.0,5.0,3.0,5.0,5.0
2postp419r47of0nk2postp5sukgf1ju,1.0,4.0,1.0,1.0,5.0,2.0,2.0,2.0,4.0,5.0,4.0,2.0,2.0,1.0,5.0,1.0,4.0,4.0,1.0,4.0,5.0,4.0,5.0,5.0,5.0,5.0,1.0,4.0,3.0,5.0,1.0,5.0,5.0,4.0,5.0,5.0,5.0,4.0,5.0,1.0,5.0,5.0,5.0,4.0,5.0,5.0,1.0,5.0,5.0,1.0,4.0,5.0,3.0,3.0,5.0,3.0,5.0,1.0,5.0,4.0,5.0,2.0,3.0,5.0,4.0,5.0,3.0,3.0,3.0,5.0,5.0,5.0,5.0,4.0,5.0,1.0,5.0,4.0,5.0,5.0,1.0,4.0,3.0,3.0,5.0,5.0,5.0,5.0,5.0,5.0,5.0,5.0,3.0,5.0,5.0
thg8syh26hx9mq6i5thg8syh21s5chex,4.0,2.0,5.0,4.0,5.0,4.0,1.0,5.0,2.0,4.0,5.0,2.0,4.0,4.0,5.0,5.0,5.0,2.0,5.0,3.0,5.0,3.0,3.0,3.0,3.0,3.0,3.0,3.0,3.0,3.0,3.0,3.0,3.0,3.0,3.0,3.0,3.0,3.0,3.0,3.0,3.0,3.0,3.0,3.0,3.0,3.0,3.0,3.0,3.0,3.0,3.0,3.0,3.0,3.0,3.0,3.0,3.0,3.0,3.0,3.0,3.0,3.0,3.0,3.0,3.0,3.0,3.0,3.0,3.0,3.0,3.0,3.0,3.0,3.0,3.0,3.0,3.0,3.0,3.0,3.0,3.0,3.0,3.0,3.0,3.0,3.0,3.0,3.0,3.0,2.0,3.0,3.0,3.0,3.0,3.0
tl6bgwpd0bd5ffwxrtl6bgwrc5qkbeh3,2.0,2.0,1.0,2.0,5.0,4.0,5.0,5.0,5.0,2.0,1.0,4.0,4.0,2.0,4.0,1.0,5.0,5.0,5.0,3.0,2.0,3.0,4.0,3.0,4.0,2.0,3.0,3.0,3.0,5.0,2.0,5.0,5.0,4.0,4.0,4.0,4.0,3.0,3.0,4.0,2.0,4.0,4.0,3.0,2.0,4.0,2.0,2.0,3.0,5.0,1.0,5.0,3.0,2.0,3.0,1.0,4.0,2.0,2.0,5.0,5.0,5.0,4.0,3.0,4.0,4.0,3.0,3.0,3.0,3.0,3.0,3.0,3.0,3.0,3.0,3.0,4.0,3.0,3.0,5.0,4.0,4.0,2.0,3.0,3.0,2.0,4.0,4.0,4.0,5.0,5.0,5.0,4.0,3.0,3.0
y9b3w9wfwaiq9fry96nnsd235btt7tby,5.0,4.0,1.0,2.0,2.0,1.0,5.0,5.0,4.0,5.0,5.0,2.0,5.0,4.0,5.0,4.0,2.0,4.0,5.0,4.0,4.0,3.0,3.0,3.0,3.0,3.0,3.0,3.0,3.0,3.0,2.0,5.0,3.0,3.0,5.0,4.0,4.0,3.0,4.0,4.0,4.0,4.0,4.0,4.0,3.0,3.0,2.0,5.0,4.0,5.0,4.0,5.0,3.0,5.0,4.0,3.0,4.0,2.0,4.0,4.0,4.0,4.0,4.0,5.0,4.0,4.0,4.0,4.0,4.0,4.0,3.0,3.0,4.0,3.0,3.0,3.0,4.0,3.0,4.0,4.0,4.0,4.0,5.0,4.0,4.0,3.0,3.0,3.0,3.0,4.0,4.0,4.0,4.0,4.0,4.0
ke73qs04g2ax83064ke73el6035cz5yf,2.0,1.0,2.0,4.0,2.0,2.0,4.0,5.0,2.0,2.0,4.0,4.0,2.0,4.0,5.0,5.0,5.0,2.0,5.0,3.0,3.0,3.0,1.0,3.0,5.0,1.0,5.0,2.0,1.0,3.0,3.0,4.0,5.0,5.0,2.0,4.0,4.0,3.0,3.0,5.0,3.0,3.0,3.0,4.0,4.0,3.0,4.0,3.0,3.0,2.0,5.0,1.0,3.0,4.0,3.0,4.0,4.0,2.0,2.0,4.0,4.0,5.0,4.0,4.0,4.0,4.0,4.0,4.0,4.0,4.0,4.0,4.0,4.0,4.0,3.0,3.0,4.0,4.0,4.0,4.0,5.0,4.0,2.0,3.0,4.0,3.0,5.0,3.0,4.0,5.0,5.0,5.0,3.0,4.0,4.0
3vdbwseked0hvaeyqcf8nmkq3vdbw8p0,2.0,5.0,5.0,2.0,5.0,2.0,1.0,5.0,2.0,4.0,5.0,4.0,4.0,4.0,5.0,4.0,5.0,4.0,5.0,4.0,2.0,2.0,3.0,5.0,4.0,4.0,2.0,5.0,4.0,4.0,1.0,5.0,4.0,4.0,3.0,2.0,5.0,3.0,5.0,5.0,4.0,5.0,4.0,4.0,2.0,4.0,2.0,5.0,4.0,5.0,1.0,5.0,2.0,4.0,5.0,4.0,4.0,1.0,2.0,5.0,5.0,5.0,4.0,2.0,4.0,5.0,4.0,3.0,3.0,5.0,3.0,5.0,5.0,4.0,2.0,3.0,5.0,3.0,4.0,5.0,5.0,5.0,5.0,5.0,5.0,5.0,5.0,5.0,5.0,5.0,5.0,5.0,4.0,5.0,4.0
6hng12s3pvtj276hnhxjv92egiosos98,2.0,4.0,2.0,2.0,2.0,1.0,2.0,5.0,4.0,2.0,5.0,1.0,4.0,1.0,5.0,2.0,5.0,5.0,1.0,4.0,3.0,3.0,5.0,3.0,4.0,4.0,2.0,5.0,4.0,5.0,1.0,4.0,5.0,5.0,5.0,3.0,3.0,4.0,2.0,4.0,4.0,5.0,4.0,3.0,2.0,4.0,2.0,4.0,4.0,3.0,3.0,5.0,4.0,4.0,3.0,3.0,4.0,1.0,4.0,4.0,4.0,4.0,3.0,4.0,4.0,5.0,5.0,5.0,4.0,3.0,5.0,5.0,5.0,5.0,5.0,2.0,4.0,4.0,4.0,5.0,3.0,4.0,2.0,2.0,5.0,4.0,5.0,3.0,4.0,4.0,5.0,5.0,5.0,5.0,5.0
6qoyvs8iumj86qhe6x6ecmgiqwor5yf5,4.0,4.0,5.0,2.0,2.0,4.0,1.0,2.0,4.0,5.0,5.0,2.0,2.0,4.0,5.0,4.0,4.0,4.0,1.0,4.0,3.0,2.0,3.0,3.0,3.0,4.0,3.0,4.0,4.0,3.0,2.0,3.0,5.0,4.0,4.0,5.0,5.0,4.0,4.0,4.0,3.0,5.0,4.0,4.0,4.0,5.0,2.0,5.0,5.0,1.0,1.0,5.0,3.0,5.0,5.0,5.0,3.0,1.0,3.0,4.0,5.0,5.0,5.0,3.0,3.0,4.0,4.0,4.0,4.0,5.0,5.0,5.0,5.0,4.0,4.0,1.0,4.0,4.0,5.0,5.0,5.0,3.0,5.0,2.0,4.0,5.0,5.0,5.0,3.0,5.0,5.0,5.0,5.0,5.0,5.0
f33yfn2j1zf3327slmwektriopoj9yj2,2.0,4.0,5.0,2.0,2.0,1.0,5.0,4.0,4.0,2.0,5.0,1.0,4.0,4.0,5.0,5.0,5.0,4.0,5.0,3.0,2.0,1.0,3.0,3.0,5.0,1.0,2.0,3.0,4.0,5.0,1.0,3.0,4.0,3.0,4.0,4.0,5.0,3.0,4.0,2.0,5.0,5.0,3.0,5.0,2.0,3.0,3.0,4.0,3.0,5.0,1.0,3.0,2.0,3.0,3.0,3.0,3.0,1.0,2.0,5.0,5.0,4.0,4.0,4.0,4.0,4.0,5.0,5.0,3.0,2.0,4.0,4.0,4.0,4.0,3.0,3.0,5.0,4.0,4.0,5.0,5.0,5.0,3.0,5.0,5.0,1.0,5.0,3.0,3.0,5.0,5.0,4.0,4.0,5.0,4.0
ob43j0ucqiut6eakv4pfzqwob43jekbk,4.0,1.0,1.0,2.0,2.0,1.0,5.0,5.0,4.0,2.0,4.0,4.0,5.0,1.0,5.0,5.0,4.0,4.0,1.0,3.0,4.0,2.0,3.0,3.0,2.0,2.0,4.0,3.0,3.0,4.0,2.0,3.0,3.0,3.0,3.0,3.0,3.0,2.0,3.0,3.0,2.0,4.0,4.0,4.0,4.0,4.0,4.0,2.0,3.0,4.0,1.0,4.0,3.0,4.0,2.0,4.0,4.0,2.0,4.0,3.0,3.0,4.0,4.0,4.0,3.0,3.0,3.0,3.0,3.0,3.0,3.0,3.0,3.0,3.0,3.0,3.0,4.0,3.0,3.0,3.0,2.0,3.0,3.0,3.0,3.0,3.0,3.0,5.0,3.0,5.0,5.0,5.0,3.0,3.0,3.0
fl9k5rad7gfo5utfl9k5vd102u24bzqk,2.0,4.0,5.0,5.0,5.0,4.0,1.0,5.0,4.0,2.0,4.0,4.0,4.0,5.0,5.0,1.0,5.0,4.0,5.0,4.0,3.0,3.0,4.0,4.0,4.0,4.0,2.0,3.0,5.0,4.0,2.0,3.0,3.0,3.0,4.0,4.0,3.0,3.0,4.0,4.0,4.0,4.0,4.0,4.0,4.0,4.0,2.0,4.0,4.0,2.0,3.0,5.0,3.0,3.0,4.0,3.0,3.0,2.0,4.0,4.0,5.0,5.0,4.0,3.0,3.0,3.0,3.0,4.0,4.0,4.0,5.0,4.0,3.0,4.0,5.0,3.0,3.0,4.0,2.0,5.0,2.0,4.0,2.0,2.0,3.0,1.0,5.0,3.0,4.0,2.0,2.0,2.0,4.0,5.0,5.0
nj9eib5qxl7lyvwenj959a6p6isbof7f,4.0,2.0,5.0,2.0,2.0,5.0,5.0,5.0,4.0,4.0,4.0,4.0,4.0,4.0,5.0,5.0,5.0,4.0,5.0,4.0,4.0,3.0,5.0,5.0,4.0,4.0,3.0,4.0,4.0,5.0,2.0,4.0,4.0,4.0,4.0,4.0,4.0,3.0,4.0,4.0,4.0,5.0,4.0,3.0,3.0,3.0,2.0,4.0,4.0,2.0,4.0,3.0,4.0,3.0,4.0,4.0,4.0,2.0,4.0,3.0,4.0,3.0,3.0,3.0,3.0,4.0,4.0,4.0,4.0,4.0,4.0,4.0,4.0,3.0,3.0,2.0,4.0,4.0,4.0,4.0,2.0,4.0,2.0,3.0,4.0,4.0,2.0,2.0,4.0,5.0,5.0,5.0,4.0,4.0,4.0
q8jv14xd81vqrlqqwxq8jvzcz1n5bvo3,5.0,5.0,4.0,2.0,2.0,5.0,4.0,5.0,2.0,2.0,5.0,4.0,4.0,4.0,5.0,4.0,5.0,2.0,5.0,4.0,4.0,3.0,4.0,5.0,4.0,4.0,1.0,4.0,5.0,5.0,2.0,4.0,4.0,3.0,4.0,4.0,4.0,4.0,4.0,4.0,3.0,4.0,3.0,4.0,4.0,3.0,3.0,4.0,4.0,2.0,5.0,5.0,3.0,3.0,3.0,5.0,4.0,1.0,4.0,4.0,5.0,4.0,4.0,5.0,4.0,4.0,4.0,4.0,4.0,5.0,5.0,4.0,4.0,3.0,4.0,2.0,5.0,5.0,4.0,4.0,5.0,4.0,3.0,2.0,4.0,4.0,2.0,5.0,4.0,5.0,5.0,5.0,4.0,3.0,4.0
decspnb0qeyv5rtmeujdecspnbnp6sz5,4.0,2.0,2.0,2.0,2.0,5.0,2.0,4.0,4.0,4.0,4.0,2.0,5.0,1.0,5.0,1.0,2.0,2.0,5.0,3.0,4.0,3.0,3.0,3.0,5.0,4.0,2.0,4.0,5.0,4.0,2.0,5.0,4.0,4.0,5.0,4.0,3.0,4.0,4.0,5.0,4.0,5.0,5.0,4.0,4.0,4.0,2.0,4.0,5.0,2.0,4.0,5.0,4.0,4.0,2.0,4.0,3.0,1.0,5.0,4.0,5.0,5.0,5.0,5.0,4.0,5.0,5.0,4.0,4.0,4.0,5.0,4.0,4.0,4.0,4.0,1.0,4.0,5.0,4.0,5.0,5.0,4.0,5.0,1.0,5.0,3.0,5.0,2.0,5.0,5.0,5.0,5.0,4.0,5.0,4.0
swyqnzkhbqizyn42ltxswyqnzkhomax5,4.0,5.0,5.0,5.0,2.0,4.0,5.0,5.0,5.0,5.0,5.0,4.0,5.0,4.0,5.0,2.0,5.0,5.0,5.0,5.0,5.0,5.0,5.0,4.0,5.0,5.0,2.0,5.0,5.0,5.0,1.0,5.0,5.0,5.0,5.0,5.0,5.0,5.0,5.0,5.0,5.0,5.0,5.0,5.0,5.0,5.0,1.0,5.0,5.0,5.0,5.0,5.0,5.0,5.0,5.0,4.0,5.0,1.0,5.0,5.0,5.0,5.0,5.0,5.0,5.0,5.0,5.0,5.0,5.0,5.0,5.0,5.0,5.0,5.0,5.0,1.0,5.0,5.0,5.0,5.0,5.0,5.0,5.0,1.0,5.0,4.0,5.0,5.0,5.0,5.0,5.0,5.0,5.0,5.0,5.0
0aun3yamchny0a0m2kzgk4x0a1bt00m2,4.0,2.0,4.0,2.0,5.0,5.0,5.0,2.0,1.0,2.0,5.0,5.0,4.0,4.0,5.0,2.0,5.0,4.0,5.0,2.0,1.0,1.0,1.0,1.0,2.0,2.0,5.0,2.0,3.0,2.0,3.0,1.0,3.0,3.0,2.0,1.0,2.0,1.0,1.0,3.0,1.0,4.0,2.0,3.0,2.0,2.0,5.0,1.0,2.0,4.0,4.0,4.0,1.0,3.0,2.0,3.0,3.0,2.0,1.0,2.0,3.0,3.0,2.0,3.0,1.0,1.0,1.0,2.0,2.0,2.0,3.0,2.0,2.0,1.0,2.0,4.0,2.0,2.0,3.0,2.0,4.0,1.0,4.0,5.0,1.0,1.0,5.0,5.0,2.0,4.0,3.0,5.0,2.0,2.0,5.0
nny028a5mzde88glxy5dnny028nah63j,2.0,2.0,2.0,2.0,2.0,2.0,2.0,2.0,4.0,2.0,5.0,4.0,4.0,4.0,5.0,5.0,5.0,4.0,5.0,4.0,4.0,1.0,5.0,4.0,5.0,5.0,1.0,5.0,4.0,5.0,1.0,5.0,4.0,3.0,5.0,3.0,5.0,3.0,4.0,4.0,3.0,5.0,4.0,4.0,4.0,4.0,1.0,3.0,4.0,2.0,5.0,5.0,4.0,4.0,5.0,5.0,4.0,3.0,3.0,3.0,4.0,4.0,4.0,3.0,3.0,4.0,5.0,3.0,3.0,3.0,5.0,4.0,5.0,3.0,3.0,2.0,3.0,4.0,4.0,3.0,5.0,4.0,3.0,3.0,5.0,2.0,5.0,5.0,3.0,5.0,5.0,5.0,4.0,4.0,4.0
3d8v4e8ftfqn239le23d8v4epwjz2278,5.0,2.0,2.0,2.0,2.0,2.0,2.0,4.0,2.0,2.0,4.0,2.0,4.0,2.0,4.0,5.0,4.0,2.0,5.0,3.0,2.0,3.0,3.0,1.0,4.0,1.0,4.0,2.0,1.0,1.0,5.0,4.0,5.0,5.0,2.0,4.0,4.0,3.0,3.0,5.0,3.0,4.0,5.0,4.0,5.0,5.0,3.0,1.0,4.0,2.0,4.0,5.0,4.0,4.0,3.0,1.0,4.0,2.0,4.0,4.0,4.0,4.0,4.0,4.0,4.0,3.0,5.0,4.0,4.0,4.0,4.0,4.0,4.0,4.0,4.0,2.0,5.0,4.0,4.0,4.0,2.0,4.0,2.0,2.0,4.0,4.0,2.0,2.0,4.0,2.0,2.0,2.0,4.0,4.0,4.0
ri1z4lwdbl8ts7085ori1z4qgn9kxj95,2.0,5.0,5.0,4.0,5.0,5.0,5.0,5.0,5.0,2.0,4.0,4.0,5.0,2.0,5.0,5.0,5.0,2.0,5.0,5.0,4.0,5.0,5.0,5.0,5.0,4.0,2.0,5.0,3.0,5.0,1.0,4.0,5.0,4.0,4.0,5.0,5.0,5.0,5.0,5.0,5.0,5.0,4.0,3.0,4.0,4.0,2.0,3.0,5.0,3.0,4.0,5.0,4.0,5.0,4.0,4.0,4.0,1.0,3.0,5.0,5.0,4.0,3.0,5.0,5.0,5.0,5.0,4.0,3.0,3.0,5.0,4.0,4.0,3.0,5.0,3.0,5.0,4.0,2.0,5.0,5.0,5.0,3.0,1.0,5.0,3.0,5.0,3.0,3.0,5.0,5.0,5.0,4.0,3.0,4.0
2u1d4lb5e584xftr2u05m4ei9t9xq1or,4.0,2.0,5.0,2.0,2.0,2.0,1.0,5.0,4.0,2.0,4.0,4.0,4.0,4.0,1.0,2.0,2.0,4.0,5.0,4.0,3.0,5.0,5.0,4.0,5.0,5.0,1.0,4.0,5.0,4.0,1.0,4.0,5.0,5.0,4.0,3.0,5.0,5.0,4.0,4.0,3.0,5.0,3.0,4.0,4.0,3.0,1.0,5.0,5.0,2.0,1.0,5.0,3.0,5.0,5.0,5.0,5.0,1.0,3.0,5.0,5.0,5.0,5.0,3.0,4.0,4.0,5.0,4.0,3.0,4.0,5.0,5.0,4.0,5.0,5.0,2.0,5.0,4.0,4.0,5.0,5.0,5.0,5.0,3.0,4.0,4.0,5.0,5.0,5.0,5.0,5.0,5.0,5.0,5.0,5.0
chytwzd5mc09lvbgn1chytwglegywk9b,2.0,1.0,2.0,2.0,2.0,2.0,1.0,4.0,4.0,5.0,5.0,5.0,4.0,2.0,5.0,2.0,2.0,4.0,5.0,3.0,3.0,3.0,5.0,5.0,3.0,5.0,1.0,5.0,5.0,5.0,1.0,5.0,4.0,5.0,5.0,4.0,4.0,5.0,5.0,2.0,2.0,5.0,5.0,5.0,5.0,5.0,1.0,5.0,5.0,2.0,5.0,2.0,4.0,4.0,5.0,4.0,4.0,1.0,5.0,5.0,5.0,5.0,4.0,4.0,3.0,5.0,5.0,4.0,5.0,5.0,5.0,4.0,5.0,2.0,1.0,1.0,5.0,3.0,4.0,5.0,5.0,4.0,3.0,3.0,4.0,2.0,5.0,5.0,5.0,5.0,5.0,5.0,4.0,5.0,5.0
b7in4jk7swzgxfpbybwb7in3giq4nl8b,2.0,2.0,1.0,2.0,2.0,1.0,2.0,1.0,2.0,2.0,4.0,2.0,4.0,5.0,1.0,1.0,2.0,2.0,1.0,3.0,4.0,3.0,5.0,3.0,4.0,3.0,4.0,2.0,1.0,5.0,1.0,4.0,4.0,3.0,5.0,1.0,5.0,4.0,4.0,4.0,4.0,5.0,4.0,5.0,5.0,2.0,2.0,2.0,4.0,5.0,4.0,5.0,2.0,5.0,3.0,5.0,4.0,1.0,5.0,5.0,5.0,5.0,5.0,3.0,4.0,4.0,4.0,3.0,4.0,5.0,4.0,4.0,4.0,4.0,5.0,1.0,5.0,4.0,3.0,5.0,5.0,4.0,4.0,2.0,5.0,4.0,4.0,4.0,4.0,2.0,4.0,5.0,4.0,4.0,5.0
tk24wigv3eg4stk2470w2hljssvi8ugp,1.0,1.0,2.0,2.0,2.0,1.0,1.0,5.0,4.0,2.0,4.0,2.0,4.0,1.0,5.0,1.0,4.0,4.0,1.0,3.0,3.0,3.0,5.0,4.0,3.0,4.0,1.0,5.0,3.0,4.0,3.0,4.0,2.0,3.0,5.0,2.0,4.0,3.0,4.0,4.0,4.0,5.0,4.0,4.0,3.0,4.0,1.0,3.0,4.0,5.0,4.0,3.0,4.0,4.0,4.0,5.0,4.0,2.0,4.0,4.0,5.0,5.0,4.0,2.0,3.0,5.0,3.0,4.0,4.0,5.0,5.0,4.0,4.0,3.0,4.0,2.0,3.0,4.0,4.0,5.0,5.0,3.0,3.0,2.0,4.0,5.0,5.0,2.0,5.0,5.0,5.0,5.0,4.0,5.0,5.0
aijzrw93lclfh1bfthm7jaijzrdrcogu,4.0,1.0,2.0,2.0,2.0,5.0,1.0,5.0,4.0,2.0,4.0,2.0,5.0,1.0,5.0,1.0,4.0,4.0,5.0,3.0,3.0,3.0,5.0,5.0,5.0,3.0,2.0,4.0,3.0,4.0,3.0,4.0,2.0,3.0,5.0,1.0,4.0,3.0,3.0,4.0,3.0,5.0,4.0,4.0,4.0,4.0,1.0,3.0,3.0,5.0,4.0,3.0,4.0,4.0,4.0,4.0,4.0,2.0,4.0,4.0,4.0,5.0,4.0,3.0,3.0,5.0,4.0,4.0,4.0,5.0,5.0,4.0,4.0,3.0,5.0,1.0,4.0,4.0,4.0,5.0,5.0,3.0,3.0,2.0,4.0,5.0,5.0,3.0,4.0,5.0,5.0,5.0,4.0,4.0,5.0
f2t54lknkpx22ck7ag0f2t54ltuiuqyd,4.0,1.0,2.0,2.0,2.0,1.0,1.0,5.0,4.0,2.0,5.0,2.0,4.0,4.0,5.0,5.0,4.0,4.0,1.0,4.0,3.0,3.0,5.0,4.0,4.0,4.0,1.0,4.0,4.0,5.0,2.0,5.0,2.0,3.0,4.0,1.0,4.0,4.0,5.0,4.0,3.0,5.0,5.0,4.0,4.0,4.0,1.0,4.0,4.0,5.0,5.0,3.0,4.0,5.0,5.0,5.0,4.0,2.0,4.0,4.0,4.0,4.0,4.0,4.0,5.0,5.0,4.0,4.0,4.0,5.0,5.0,4.0,5.0,4.0,5.0,2.0,5.0,3.0,3.0,5.0,5.0,3.0,5.0,2.0,5.0,4.0,5.0,1.0,4.0,5.0,5.0,5.0,4.0,5.0,5.0
zidt5d3wfvsv8hzidmgmcu2su3bi7zvy,2.0,1.0,2.0,5.0,2.0,1.0,1.0,2.0,2.0,2.0,5.0,4.0,4.0,2.0,1.0,2.0,2.0,2.0,5.0,5.0,2.0,5.0,3.0,2.0,4.0,5.0,1.0,3.0,3.0,3.0,1.0,3.0,5.0,4.0,4.0,5.0,4.0,4.0,4.0,1.0,3.0,5.0,4.0,3.0,3.0,3.0,2.0,4.0,4.0,2.0,3.0,3.0,3.0,1.0,4.0,5.0,4.0,3.0,2.0,5.0,4.0,4.0,2.0,3.0,3.0,4.0,4.0,2.0,2.0,2.0,4.0,3.0,3.0,2.0,3.0,2.0,2.0,3.0,3.0,4.0,5.0,3.0,3.0,3.0,3.0,2.0,4.0,3.0,4.0,5.0,4.0,4.0,3.0,5.0,5.0
fp3rgkthblrl3fpb1xbpnpma3nx61ijo,4.0,5.0,1.0,2.0,2.0,4.0,1.0,5.0,5.0,4.0,4.0,4.0,4.0,4.0,2.0,5.0,5.0,5.0,5.0,3.0,5.0,1.0,5.0,5.0,5.0,3.0,1.0,5.0,5.0,5.0,1.0,5.0,5.0,5.0,5.0,5.0,5.0,3.0,2.0,5.0,3.0,5.0,4.0,3.0,2.0,5.0,3.0,2.0,3.0,5.0,1.0,5.0,2.0,4.0,3.0,1.0,3.0,3.0,3.0,5.0,5.0,4.0,3.0,2.0,3.0,5.0,4.0,2.0,2.0,2.0,5.0,4.0,3.0,2.0,1.0,4.0,5.0,3.0,3.0,5.0,3.0,4.0,3.0,2.0,4.0,1.0,5.0,5.0,4.0,5.0,5.0,4.0,3.0,3.0,4.0
xu5sv0zoj2vd1wccqn4u8vxu5sv0zhbd,2.0,2.0,1.0,2.0,5.0,1.0,5.0,4.0,1.0,4.0,2.0,5.0,5.0,1.0,5.0,1.0,5.0,2.0,5.0,4.0,3.0,1.0,2.0,3.0,4.0,3.0,4.0,3.0,3.0,3.0,3.0,2.0,1.0,4.0,2.0,3.0,4.0,2.0,1.0,1.0,1.0,3.0,4.0,4.0,1.0,4.0,3.0,4.0,3.0,4.0,3.0,4.0,2.0,1.0,4.0,5.0,5.0,3.0,3.0,2.0,5.0,4.0,4.0,5.0,2.0,3.0,2.0,2.0,3.0,2.0,5.0,5.0,4.0,2.0,1.0,2.0,4.0,3.0,3.0,5.0,5.0,2.0,3.0,4.0,3.0,2.0,3.0,5.0,3.0,3.0,3.0,5.0,3.0,4.0,4.0
hl5hd2s3n9voyevvzhl5hdqzkf42ua9b,1.0,4.0,5.0,1.0,2.0,2.0,2.0,5.0,4.0,5.0,4.0,4.0,4.0,4.0,5.0,1.0,4.0,1.0,1.0,4.0,5.0,5.0,5.0,5.0,5.0,5.0,1.0,4.0,5.0,5.0,1.0,5.0,3.0,5.0,5.0,3.0,5.0,5.0,5.0,5.0,3.0,5.0,5.0,4.0,4.0,5.0,1.0,5.0,5.0,1.0,3.0,3.0,5.0,5.0,5.0,5.0,3.0,3.0,5.0,4.0,4.0,5.0,3.0,3.0,4.0,4.0,4.0,4.0,5.0,5.0,5.0,4.0,4.0,4.0,5.0,2.0,4.0,4.0,4.0,4.0,2.0,4.0,2.0,2.0,4.0,4.0,2.0,2.0,4.0,2.0,2.0,2.0,4.0,4.0,5.0
o89n5bundaxjitqa3fw2o89n5xgw1ikh,4.0,4.0,5.0,2.0,2.0,5.0,4.0,5.0,1.0,2.0,4.0,2.0,4.0,4.0,5.0,1.0,4.0,4.0,1.0,3.0,2.0,1.0,2.0,2.0,3.0,3.0,3.0,3.0,3.0,3.0,3.0,2.0,3.0,3.0,3.0,3.0,3.0,3.0,2.0,3.0,1.0,5.0,3.0,4.0,3.0,3.0,3.0,3.0,3.0,3.0,3.0,5.0,3.0,3.0,3.0,5.0,3.0,2.0,2.0,3.0,3.0,3.0,2.0,2.0,3.0,4.0,3.0,3.0,3.0,3.0,4.0,4.0,4.0,3.0,3.0,2.0,4.0,4.0,4.0,4.0,5.0,3.0,3.0,3.0,4.0,3.0,5.0,5.0,4.0,5.0,5.0,5.0,4.0,4.0,4.0
tz6toahqc7k19iqothc468dtz6toa7va,2.0,2.0,5.0,2.0,2.0,5.0,2.0,5.0,4.0,5.0,4.0,4.0,5.0,4.0,5.0,5.0,5.0,4.0,5.0,3.0,3.0,3.0,5.0,4.0,3.0,5.0,1.0,4.0,5.0,5.0,1.0,5.0,5.0,5.0,5.0,3.0,5.0,4.0,4.0,5.0,3.0,5.0,5.0,5.0,5.0,5.0,1.0,5.0,5.0,5.0,5.0,5.0,1.0,5.0,5.0,5.0,5.0,1.0,4.0,5.0,5.0,5.0,5.0,5.0,5.0,5.0,5.0,5.0,5.0,5.0,5.0,5.0,5.0,5.0,5.0,1.0,5.0,4.0,5.0,5.0,5.0,5.0,5.0,5.0,5.0,5.0,5.0,5.0,5.0,5.0,5.0,5.0,5.0,5.0,5.0
dl5aex87klt8ai2c1odl5hogs2plwghh,2.0,4.0,1.0,2.0,2.0,1.0,2.0,5.0,4.0,5.0,5.0,4.0,4.0,1.0,5.0,5.0,4.0,4.0,5.0,4.0,4.0,4.0,5.0,4.0,4.0,5.0,2.0,5.0,4.0,4.0,2.0,4.0,4.0,4.0,4.0,3.0,5.0,5.0,5.0,5.0,4.0,5.0,5.0,4.0,4.0,4.0,1.0,5.0,5.0,4.0,1.0,3.0,5.0,5.0,5.0,5.0,5.0,2.0,5.0,5.0,5.0,5.0,5.0,5.0,4.0,5.0,5.0,5.0,5.0,5.0,5.0,5.0,5.0,4.0,5.0,1.0,5.0,4.0,4.0,4.0,5.0,4.0,5.0,2.0,5.0,5.0,5.0,5.0,4.0,5.0,5.0,5.0,5.0,5.0,5.0
ls4vwuu5q02fr8sd2ls4vwu2dvd9loie,2.0,4.0,5.0,5.0,5.0,4.0,5.0,5.0,5.0,2.0,5.0,4.0,5.0,2.0,5.0,1.0,4.0,5.0,5.0,4.0,5.0,5.0,5.0,5.0,5.0,5.0,1.0,5.0,5.0,5.0,1.0,5.0,4.0,5.0,5.0,5.0,5.0,5.0,5.0,5.0,3.0,5.0,5.0,5.0,4.0,5.0,1.0,4.0,5.0,2.0,5.0,5.0,4.0,4.0,5.0,5.0,5.0,1.0,5.0,5.0,5.0,4.0,5.0,5.0,5.0,5.0,5.0,5.0,4.0,5.0,5.0,5.0,4.0,5.0,1.0,2.0,4.0,4.0,4.0,5.0,5.0,5.0,3.0,4.0,5.0,5.0,5.0,3.0,4.0,3.0,2.0,5.0,5.0,5.0,5.0
y4pivmr8wipyh93sy4pivl776fkts5pe,4.0,5.0,5.0,2.0,4.0,5.0,4.0,5.0,2.0,5.0,5.0,2.0,4.0,5.0,5.0,5.0,4.0,5.0,1.0,3.0,5.0,4.0,3.0,4.0,4.0,4.0,1.0,5.0,3.0,5.0,1.0,5.0,5.0,4.0,5.0,5.0,5.0,3.0,5.0,5.0,5.0,5.0,5.0,5.0,5.0,5.0,1.0,4.0,4.0,3.0,1.0,5.0,4.0,5.0,5.0,5.0,5.0,1.0,5.0,5.0,5.0,5.0,5.0,5.0,5.0,5.0,5.0,5.0,5.0,5.0,5.0,5.0,5.0,5.0,5.0,1.0,5.0,5.0,4.0,5.0,5.0,3.0,3.0,2.0,5.0,5.0,5.0,5.0,5.0,5.0,5.0,5.0,5.0,5.0,5.0
syeql32khf7oqhusyeql3ewferu4pp7x,5.0,2.0,5.0,2.0,5.0,4.0,5.0,5.0,5.0,2.0,1.0,5.0,4.0,1.0,5.0,5.0,2.0,4.0,5.0,3.0,4.0,3.0,5.0,3.0,3.0,4.0,1.0,4.0,4.0,5.0,1.0,4.0,3.0,2.0,4.0,2.0,3.0,3.0,3.0,3.0,3.0,5.0,4.0,3.0,3.0,3.0,2.0,4.0,4.0,5.0,1.0,5.0,3.0,3.0,4.0,5.0,3.0,3.0,3.0,4.0,4.0,3.0,3.0,3.0,3.0,4.0,2.0,3.0,3.0,3.0,4.0,2.0,3.0,3.0,3.0,3.0,4.0,2.0,2.0,3.0,5.0,5.0,3.0,3.0,3.0,2.0,5.0,4.0,4.0,3.0,3.0,4.0,3.0,4.0,4.0
8a73jnztcdtro8kka8a73j5emcod9q4q,1.0,5.0,1.0,2.0,2.0,1.0,2.0,5.0,4.0,5.0,5.0,4.0,5.0,4.0,5.0,1.0,5.0,4.0,5.0,3.0,3.0,4.0,5.0,5.0,3.0,4.0,1.0,4.0,3.0,5.0,1.0,4.0,4.0,5.0,5.0,3.0,4.0,4.0,4.0,5.0,4.0,5.0,4.0,5.0,3.0,4.0,1.0,5.0,4.0,5.0,4.0,5.0,3.0,4.0,4.0,5.0,5.0,1.0,4.0,4.0,5.0,4.0,3.0,3.0,5.0,5.0,5.0,4.0,3.0,5.0,5.0,4.0,5.0,3.0,4.0,2.0,5.0,4.0,4.0,5.0,5.0,4.0,5.0,5.0,4.0,3.0,5.0,5.0,4.0,4.0,5.0,4.0,3.0,4.0,4.0
m45d3tpopofru3jsipz14wnm45d3tpol,2.0,4.0,1.0,2.0,4.0,4.0,2.0,5.0,2.0,5.0,4.0,4.0,4.0,2.0,5.0,5.0,1.0,1.0,1.0,3.0,3.0,1.0,4.0,2.0,4.0,5.0,3.0,4.0,5.0,5.0,2.0,3.0,5.0,4.0,4.0,2.0,3.0,2.0,2.0,4.0,1.0,5.0,3.0,5.0,2.0,3.0,2.0,5.0,4.0,4.0,3.0,4.0,2.0,4.0,4.0,5.0,3.0,2.0,3.0,2.0,4.0,4.0,3.0,3.0,2.0,4.0,4.0,2.0,4.0,4.0,2.0,2.0,2.0,2.0,3.0,3.0,3.0,2.0,2.0,4.0,5.0,4.0,4.0,2.0,3.0,4.0,3.0,4.0,4.0,4.0,4.0,4.0,3.0,4.0,4.0
8ovi51x1bwfzr9s20hn2g8ovi5tr7jop,1.0,2.0,5.0,5.0,5.0,5.0,4.0,5.0,4.0,4.0,5.0,4.0,5.0,5.0,5.0,1.0,5.0,5.0,5.0,4.0,4.0,3.0,4.0,5.0,5.0,3.0,3.0,4.0,5.0,4.0,2.0,4.0,4.0,4.0,4.0,4.0,5.0,4.0,4.0,5.0,4.0,4.0,5.0,4.0,4.0,4.0,2.0,3.0,4.0,3.0,4.0,3.0,4.0,5.0,4.0,4.0,4.0,2.0,4.0,4.0,5.0,5.0,4.0,4.0,3.0,4.0,5.0,4.0,4.0,4.0,5.0,4.0,4.0,4.0,5.0,2.0,4.0,5.0,4.0,5.0,2.0,4.0,3.0,3.0,4.0,3.0,5.0,5.0,4.0,5.0,5.0,5.0,3.0,4.0,4.0
o57htf72zrxtq7w49l7two57htfq9nx1,1.0,2.0,5.0,1.0,2.0,5.0,5.0,4.0,1.0,2.0,1.0,4.0,4.0,5.0,5.0,1.0,1.0,4.0,1.0,3.0,3.0,1.0,1.0,3.0,3.0,1.0,5.0,1.0,2.0,2.0,4.0,3.0,5.0,3.0,1.0,2.0,4.0,1.0,3.0,5.0,1.0,3.0,4.0,4.0,4.0,4.0,5.0,2.0,2.0,2.0,4.0,5.0,3.0,3.0,2.0,1.0,3.0,2.0,2.0,3.0,5.0,4.0,4.0,4.0,4.0,4.0,2.0,2.0,3.0,4.0,5.0,4.0,3.0,2.0,4.0,1.0,3.0,2.0,2.0,5.0,5.0,4.0,3.0,3.0,4.0,1.0,3.0,2.0,4.0,3.0,5.0,5.0,5.0,5.0,5.0
1u4co82nfnuswpois1u4cchq1u2glkk4,5.0,4.0,5.0,4.0,2.0,4.0,5.0,1.0,4.0,5.0,5.0,4.0,4.0,2.0,5.0,2.0,4.0,4.0,1.0,3.0,5.0,3.0,5.0,4.0,3.0,3.0,1.0,4.0,3.0,4.0,2.0,5.0,4.0,4.0,5.0,5.0,5.0,4.0,4.0,4.0,4.0,5.0,5.0,5.0,5.0,5.0,1.0,5.0,5.0,5.0,1.0,5.0,3.0,4.0,5.0,3.0,5.0,1.0,4.0,4.0,5.0,4.0,4.0,4.0,5.0,5.0,5.0,5.0,5.0,4.0,5.0,5.0,3.0,5.0,5.0,1.0,5.0,5.0,3.0,4.0,3.0,5.0,5.0,5.0,4.0,4.0,5.0,5.0,4.0,5.0,5.0,5.0,4.0,5.0,5.0
8oistajse95k3ti2fed8oista7vrqt7d,2.0,4.0,1.0,2.0,4.0,2.0,5.0,1.0,1.0,2.0,1.0,2.0,2.0,4.0,5.0,1.0,2.0,1.0,1.0,3.0,2.0,3.0,4.0,5.0,4.0,5.0,1.0,3.0,4.0,5.0,1.0,4.0,4.0,4.0,4.0,3.0,5.0,3.0,5.0,4.0,5.0,5.0,3.0,5.0,4.0,4.0,2.0,3.0,4.0,3.0,2.0,4.0,3.0,3.0,3.0,5.0,5.0,2.0,2.0,4.0,5.0,3.0,4.0,5.0,5.0,4.0,5.0,4.0,4.0,5.0,3.0,3.0,4.0,4.0,3.0,2.0,3.0,3.0,3.0,4.0,1.0,5.0,3.0,5.0,4.0,4.0,5.0,4.0,5.0,5.0,5.0,4.0,4.0,5.0,5.0
zayos6bjg3ab23v1053oxzayos6bztsv,2.0,2.0,1.0,5.0,2.0,5.0,2.0,2.0,4.0,2.0,4.0,5.0,4.0,2.0,5.0,5.0,4.0,4.0,1.0,2.0,4.0,3.0,4.0,5.0,4.0,4.0,2.0,5.0,4.0,4.0,1.0,4.0,2.0,4.0,5.0,5.0,5.0,5.0,5.0,5.0,4.0,5.0,5.0,4.0,5.0,5.0,1.0,5.0,5.0,1.0,4.0,3.0,4.0,5.0,5.0,5.0,4.0,1.0,4.0,4.0,5.0,5.0,5.0,5.0,3.0,5.0,5.0,4.0,4.0,5.0,5.0,5.0,5.0,5.0,5.0,1.0,5.0,5.0,5.0,5.0,5.0,5.0,3.0,2.0,4.0,4.0,5.0,3.0,5.0,1.0,5.0,5.0,5.0,5.0,5.0
t1ca0o57rw6471s5mext1ca0o5o16dcu,1.0,2.0,1.0,2.0,4.0,2.0,2.0,4.0,1.0,2.0,4.0,4.0,5.0,2.0,1.0,2.0,2.0,5.0,1.0,2.0,3.0,1.0,1.0,3.0,4.0,1.0,5.0,2.0,2.0,2.0,4.0,2.0,1.0,5.0,2.0,3.0,5.0,1.0,2.0,2.0,1.0,4.0,5.0,2.0,3.0,2.0,4.0,2.0,3.0,3.0,2.0,4.0,2.0,2.0,2.0,1.0,3.0,1.0,2.0,2.0,5.0,3.0,3.0,2.0,2.0,5.0,2.0,2.0,3.0,3.0,5.0,5.0,3.0,2.0,3.0,3.0,3.0,2.0,3.0,5.0,5.0,2.0,1.0,4.0,5.0,2.0,4.0,3.0,3.0,3.0,4.0,5.0,4.0,4.0,4.0
mb82hk8i1k545ughremb82cqaykyibve,2.0,4.0,1.0,2.0,5.0,4.0,5.0,4.0,1.0,2.0,4.0,1.0,5.0,1.0,1.0,5.0,2.0,2.0,5.0,3.0,2.0,1.0,2.0,5.0,4.0,5.0,3.0,2.0,2.0,5.0,3.0,5.0,1.0,3.0,2.0,3.0,5.0,3.0,2.0,5.0,1.0,5.0,5.0,4.0,5.0,1.0,3.0,4.0,3.0,3.0,3.0,3.0,2.0,2.0,4.0,5.0,4.0,2.0,1.0,4.0,5.0,3.0,2.0,2.0,1.0,2.0,2.0,1.0,3.0,3.0,1.0,3.0,3.0,1.0,3.0,2.0,5.0,1.0,2.0,5.0,5.0,4.0,3.0,5.0,4.0,4.0,1.0,3.0,5.0,5.0,3.0,5.0,3.0,4.0,3.0
g40webd360084tupg4fz6mxbknqqe3zd,1.0,2.0,5.0,2.0,2.0,5.0,2.0,2.0,4.0,2.0,5.0,5.0,4.0,4.0,5.0,1.0,2.0,4.0,5.0,5.0,4.0,2.0,5.0,4.0,4.0,4.0,2.0,4.0,3.0,4.0,2.0,5.0,3.0,3.0,4.0,4.0,4.0,4.0,4.0,3.0,2.0,5.0,4.0,4.0,4.0,4.0,2.0,3.0,4.0,3.0,1.0,5.0,3.0,3.0,4.0,3.0,4.0,2.0,4.0,4.0,4.0,4.0,4.0,4.0,4.0,4.0,4.0,4.0,2.0,5.0,4.0,4.0,4.0,4.0,4.0,2.0,4.0,4.0,4.0,5.0,5.0,4.0,5.0,4.0,4.0,3.0,5.0,4.0,5.0,5.0,5.0,5.0,4.0,4.0,4.0
7kh4ufxrjnvfi347kh4og1edlkemkkes,2.0,2.0,5.0,2.0,4.0,1.0,4.0,5.0,2.0,2.0,1.0,4.0,4.0,4.0,5.0,2.0,5.0,5.0,1.0,4.0,4.0,4.0,3.0,3.0,4.0,4.0,2.0,4.0,4.0,4.0,2.0,4.0,3.0,4.0,4.0,3.0,4.0,3.0,3.0,4.0,3.0,4.0,4.0,4.0,4.0,4.0,2.0,3.0,4.0,5.0,1.0,5.0,3.0,3.0,4.0,3.0,4.0,3.0,4.0,3.0,4.0,4.0,4.0,4.0,4.0,4.0,4.0,3.0,4.0,4.0,4.0,3.0,3.0,3.0,3.0,2.0,3.0,4.0,3.0,4.0,5.0,4.0,3.0,2.0,4.0,3.0,5.0,5.0,4.0,5.0,5.0,5.0,4.0,3.0,4.0
slakrtgssdo9xko0ydfslakrtoiou3og,4.0,5.0,5.0,5.0,2.0,5.0,5.0,5.0,4.0,5.0,5.0,4.0,4.0,4.0,5.0,5.0,5.0,4.0,2.0,5.0,4.0,5.0,5.0,5.0,5.0,5.0,1.0,5.0,5.0,5.0,1.0,3.0,5.0,5.0,5.0,5.0,5.0,5.0,5.0,5.0,5.0,5.0,4.0,3.0,3.0,5.0,1.0,5.0,5.0,3.0,1.0,5.0,3.0,2.0,5.0,5.0,4.0,1.0,5.0,5.0,5.0,5.0,5.0,5.0,5.0,5.0,5.0,5.0,5.0,5.0,5.0,5.0,5.0,5.0,5.0,1.0,5.0,5.0,4.0,5.0,5.0,5.0,2.0,5.0,5.0,5.0,5.0,5.0,5.0,1.0,5.0,5.0,5.0,5.0,5.0
afmw9ydbel00p2rlafmw9ydbhh2za2b7,2.0,2.0,4.0,2.0,2.0,1.0,2.0,2.0,2.0,2.0,4.0,4.0,4.0,1.0,5.0,2.0,4.0,1.0,1.0,4.0,4.0,3.0,3.0,5.0,5.0,4.0,3.0,4.0,4.0,4.0,2.0,5.0,4.0,4.0,4.0,3.0,5.0,4.0,4.0,4.0,3.0,5.0,5.0,5.0,4.0,5.0,1.0,3.0,4.0,2.0,5.0,5.0,4.0,5.0,5.0,5.0,5.0,1.0,5.0,5.0,5.0,5.0,4.0,3.0,3.0,5.0,5.0,4.0,3.0,5.0,5.0,4.0,5.0,5.0,4.0,2.0,5.0,4.0,4.0,5.0,5.0,4.0,3.0,3.0,4.0,5.0,5.0,5.0,5.0,5.0,5.0,5.0,5.0,5.0,5.0
imcxo1hofswli70fsimcxonc1sncnie8,5.0,5.0,4.0,2.0,2.0,2.0,5.0,4.0,2.0,2.0,4.0,2.0,5.0,1.0,5.0,1.0,1.0,4.0,2.0,4.0,4.0,2.0,1.0,5.0,5.0,1.0,5.0,2.0,1.0,1.0,5.0,4.0,2.0,3.0,1.0,2.0,5.0,1.0,5.0,4.0,5.0,3.0,4.0,3.0,5.0,1.0,5.0,1.0,3.0,3.0,1.0,5.0,3.0,5.0,3.0,1.0,3.0,1.0,4.0,3.0,5.0,5.0,5.0,4.0,3.0,3.0,2.0,3.0,1.0,4.0,3.0,4.0,4.0,1.0,5.0,2.0,4.0,3.0,3.0,5.0,5.0,3.0,2.0,3.0,1.0,1.0,2.0,3.0,4.0,4.0,3.0,5.0,5.0,5.0,5.0
gjbx8ft23408bq0u6gjbx8f7u3xggs2k,2.0,5.0,2.0,2.0,2.0,2.0,5.0,5.0,4.0,2.0,4.0,4.0,4.0,2.0,5.0,2.0,5.0,4.0,5.0,3.0,2.0,3.0,3.0,2.0,5.0,3.0,3.0,3.0,5.0,5.0,1.0,3.0,3.0,5.0,4.0,2.0,5.0,3.0,3.0,4.0,2.0,5.0,3.0,5.0,2.0,3.0,3.0,2.0,3.0,4.0,3.0,2.0,3.0,4.0,3.0,5.0,3.0,2.0,3.0,2.0,5.0,5.0,5.0,5.0,5.0,4.0,4.0,5.0,4.0,3.0,5.0,5.0,5.0,3.0,4.0,1.0,2.0,3.0,2.0,5.0,5.0,4.0,5.0,1.0,5.0,3.0,5.0,5.0,5.0,5.0,5.0,5.0,5.0,5.0,5.0
y5rz0eeajeiucc9mjy5r1960a1h2wtzf,4.0,5.0,5.0,5.0,2.0,5.0,1.0,5.0,4.0,4.0,1.0,4.0,2.0,4.0,4.0,5.0,5.0,2.0,5.0,5.0,4.0,3.0,3.0,5.0,5.0,3.0,2.0,3.0,4.0,5.0,1.0,5.0,3.0,5.0,3.0,4.0,4.0,3.0,4.0,5.0,3.0,5.0,5.0,5.0,5.0,5.0,3.0,3.0,4.0,3.0,5.0,3.0,4.0,5.0,4.0,5.0,5.0,2.0,3.0,5.0,5.0,5.0,5.0,4.0,5.0,4.0,5.0,4.0,3.0,4.0,3.0,5.0,3.0,3.0,3.0,2.0,5.0,3.0,4.0,5.0,5.0,4.0,2.0,2.0,5.0,3.0,3.0,3.0,5.0,2.0,4.0,3.0,4.0,4.0,3.0
a0v1xa2d4btntzau3sla0v1xamrism0o,1.0,2.0,1.0,2.0,2.0,1.0,2.0,5.0,5.0,5.0,1.0,2.0,4.0,1.0,1.0,2.0,4.0,5.0,1.0,3.0,2.0,1.0,3.0,3.0,3.0,3.0,3.0,3.0,3.0,3.0,3.0,3.0,3.0,3.0,3.0,3.0,3.0,3.0,3.0,3.0,3.0,5.0,5.0,5.0,3.0,3.0,3.0,3.0,3.0,5.0,1.0,5.0,3.0,3.0,3.0,5.0,5.0,3.0,3.0,3.0,5.0,3.0,3.0,3.0,3.0,5.0,3.0,3.0,3.0,3.0,3.0,3.0,3.0,3.0,3.0,3.0,3.0,3.0,3.0,5.0,5.0,3.0,1.0,3.0,3.0,3.0,5.0,5.0,3.0,5.0,5.0,5.0,3.0,3.0,3.0
kw8ojyjjcxa3fkwst8e2avqxkz27s6rc,2.0,4.0,5.0,4.0,2.0,5.0,5.0,5.0,5.0,5.0,5.0,4.0,4.0,4.0,4.0,5.0,5.0,4.0,5.0,3.0,3.0,4.0,5.0,4.0,5.0,4.0,2.0,4.0,4.0,5.0,1.0,3.0,4.0,4.0,5.0,3.0,4.0,4.0,3.0,4.0,5.0,5.0,4.0,4.0,3.0,4.0,1.0,5.0,4.0,5.0,1.0,3.0,2.0,3.0,4.0,3.0,3.0,1.0,4.0,4.0,5.0,4.0,3.0,3.0,4.0,5.0,4.0,4.0,3.0,3.0,4.0,3.0,4.0,4.0,4.0,2.0,5.0,5.0,4.0,5.0,5.0,4.0,3.0,5.0,4.0,4.0,5.0,5.0,4.0,5.0,5.0,5.0,4.0,4.0,4.0
961tubwsq9ym2v7961tuz4gvgevwjmr4,2.0,4.0,1.0,5.0,2.0,5.0,5.0,5.0,5.0,4.0,5.0,4.0,4.0,4.0,5.0,5.0,5.0,5.0,5.0,4.0,4.0,2.0,4.0,5.0,5.0,3.0,3.0,3.0,3.0,5.0,1.0,5.0,4.0,5.0,4.0,4.0,4.0,4.0,3.0,5.0,3.0,5.0,4.0,3.0,3.0,4.0,2.0,3.0,3.0,5.0,3.0,5.0,1.0,5.0,3.0,5.0,4.0,1.0,4.0,5.0,5.0,4.0,3.0,3.0,3.0,5.0,2.0,2.0,2.0,4.0,5.0,3.0,4.0,3.0,2.0,3.0,5.0,3.0,4.0,5.0,3.0,3.0,3.0,3.0,3.0,2.0,3.0,3.0,5.0,5.0,5.0,5.0,3.0,3.0,3.0
xhf7njxb691qe96fxhf7ngdvvdg4ashc,5.0,2.0,5.0,5.0,2.0,1.0,2.0,5.0,4.0,2.0,4.0,4.0,5.0,4.0,5.0,5.0,4.0,4.0,5.0,4.0,4.0,4.0,5.0,5.0,5.0,4.0,1.0,5.0,4.0,5.0,1.0,4.0,4.0,4.0,5.0,4.0,5.0,5.0,5.0,4.0,5.0,5.0,4.0,4.0,4.0,4.0,1.0,5.0,5.0,4.0,4.0,5.0,4.0,4.0,5.0,5.0,5.0,1.0,4.0,4.0,5.0,5.0,4.0,4.0,3.0,5.0,5.0,4.0,4.0,4.0,5.0,5.0,5.0,5.0,5.0,2.0,5.0,4.0,4.0,5.0,5.0,5.0,4.0,5.0,4.0,4.0,5.0,5.0,5.0,5.0,5.0,5.0,4.0,5.0,5.0
3k8shumjpsobl5mlp3k8shp48hzxkzcd,1.0,4.0,4.0,2.0,5.0,5.0,1.0,5.0,4.0,5.0,5.0,2.0,4.0,1.0,5.0,1.0,4.0,4.0,1.0,5.0,5.0,5.0,5.0,4.0,3.0,4.0,2.0,4.0,4.0,4.0,2.0,4.0,5.0,4.0,5.0,5.0,4.0,5.0,5.0,4.0,5.0,5.0,5.0,4.0,4.0,4.0,2.0,4.0,4.0,2.0,4.0,1.0,4.0,4.0,5.0,4.0,4.0,2.0,4.0,5.0,5.0,5.0,5.0,4.0,4.0,5.0,5.0,5.0,5.0,5.0,5.0,4.0,5.0,4.0,4.0,2.0,5.0,4.0,4.0,5.0,1.0,5.0,1.0,1.0,5.0,4.0,5.0,5.0,5.0,2.0,5.0,5.0,4.0,5.0,5.0
smc916z1zibmq0q9i73ksmc916ztr3hy,4.0,4.0,5.0,4.0,2.0,5.0,2.0,5.0,5.0,2.0,5.0,4.0,4.0,2.0,5.0,4.0,4.0,4.0,2.0,5.0,5.0,3.0,5.0,4.0,5.0,3.0,1.0,5.0,4.0,4.0,1.0,4.0,3.0,4.0,5.0,4.0,4.0,4.0,5.0,4.0,4.0,5.0,4.0,4.0,3.0,4.0,1.0,3.0,4.0,3.0,1.0,5.0,3.0,4.0,5.0,4.0,5.0,1.0,5.0,4.0,5.0,4.0,4.0,4.0,4.0,4.0,4.0,4.0,4.0,4.0,5.0,5.0,5.0,4.0,3.0,2.0,5.0,4.0,4.0,5.0,5.0,4.0,3.0,2.0,4.0,3.0,5.0,4.0,4.0,5.0,5.0,5.0,5.0,4.0,4.0
4luiyg01p5i6bfdsy4luiyg4q8ircdyz,2.0,2.0,1.0,5.0,2.0,5.0,1.0,2.0,4.0,5.0,5.0,4.0,4.0,4.0,5.0,5.0,1.0,4.0,1.0,5.0,5.0,3.0,5.0,4.0,5.0,4.0,1.0,5.0,5.0,5.0,1.0,5.0,4.0,5.0,5.0,5.0,5.0,5.0,5.0,5.0,4.0,5.0,5.0,5.0,5.0,3.0,1.0,5.0,5.0,5.0,1.0,5.0,4.0,5.0,5.0,5.0,5.0,2.0,5.0,5.0,5.0,5.0,5.0,5.0,5.0,4.0,5.0,5.0,5.0,5.0,5.0,5.0,4.0,5.0,5.0,1.0,5.0,4.0,4.0,5.0,5.0,4.0,5.0,5.0,4.0,5.0,5.0,5.0,5.0,5.0,5.0,5.0,4.0,4.0,4.0
xkiixg91yp1fu8wnsmxkiixgy0um25h1,5.0,2.0,5.0,5.0,5.0,4.0,5.0,4.0,5.0,2.0,1.0,4.0,4.0,4.0,4.0,5.0,4.0,4.0,1.0,4.0,3.0,5.0,1.0,1.0,5.0,1.0,5.0,1.0,1.0,3.0,1.0,5.0,5.0,5.0,1.0,2.0,4.0,1.0,5.0,5.0,5.0,5.0,5.0,5.0,3.0,4.0,5.0,2.0,5.0,5.0,4.0,5.0,4.0,5.0,1.0,5.0,5.0,1.0,3.0,5.0,5.0,5.0,3.0,4.0,4.0,2.0,4.0,4.0,4.0,4.0,3.0,3.0,2.0,4.0,2.0,3.0,5.0,2.0,1.0,5.0,5.0,5.0,2.0,3.0,4.0,2.0,5.0,2.0,4.0,5.0,2.0,3.0,2.0,4.0,3.0
s2hec7vy045a24yghs2hec7vyyuafw5p,2.0,2.0,2.0,5.0,2.0,2.0,4.0,5.0,5.0,5.0,5.0,4.0,5.0,5.0,5.0,5.0,5.0,5.0,5.0,5.0,3.0,4.0,4.0,4.0,5.0,5.0,2.0,5.0,5.0,5.0,1.0,5.0,5.0,5.0,4.0,4.0,5.0,4.0,4.0,5.0,5.0,5.0,3.0,5.0,4.0,5.0,2.0,5.0,5.0,5.0,1.0,5.0,3.0,5.0,4.0,5.0,5.0,1.0,3.0,4.0,5.0,5.0,5.0,4.0,3.0,5.0,5.0,5.0,5.0,3.0,5.0,5.0,5.0,5.0,5.0,1.0,5.0,3.0,4.0,5.0,5.0,5.0,5.0,5.0,5.0,5.0,5.0,5.0,5.0,5.0,5.0,5.0,4.0,5.0,5.0
p2q8ou53vuso9y01yn3p2q8ccflpd81o,5.0,2.0,1.0,5.0,4.0,5.0,5.0,5.0,5.0,5.0,4.0,4.0,4.0,1.0,5.0,1.0,5.0,4.0,5.0,5.0,4.0,3.0,5.0,3.0,4.0,4.0,3.0,4.0,4.0,5.0,2.0,4.0,4.0,4.0,4.0,4.0,5.0,4.0,4.0,4.0,4.0,5.0,4.0,4.0,5.0,4.0,2.0,4.0,4.0,5.0,1.0,5.0,4.0,4.0,5.0,5.0,5.0,2.0,3.0,4.0,5.0,4.0,5.0,4.0,4.0,5.0,5.0,4.0,4.0,4.0,5.0,4.0,4.0,4.0,4.0,2.0,4.0,4.0,4.0,5.0,5.0,4.0,5.0,2.0,4.0,4.0,5.0,5.0,4.0,5.0,5.0,5.0,4.0,4.0,5.0
fs1evpak9bat5pl4y3fs1evoep7qy4p6,4.0,2.0,4.0,2.0,5.0,2.0,5.0,4.0,4.0,2.0,5.0,4.0,4.0,4.0,5.0,5.0,4.0,1.0,5.0,4.0,3.0,4.0,5.0,1.0,4.0,3.0,3.0,4.0,1.0,5.0,1.0,4.0,5.0,5.0,5.0,4.0,5.0,5.0,5.0,5.0,5.0,5.0,4.0,5.0,5.0,5.0,1.0,5.0,5.0,3.0,3.0,5.0,5.0,5.0,5.0,1.0,5.0,1.0,5.0,5.0,5.0,5.0,5.0,4.0,2.0,5.0,4.0,5.0,5.0,4.0,5.0,5.0,5.0,5.0,5.0,1.0,5.0,4.0,5.0,5.0,5.0,5.0,5.0,3.0,5.0,5.0,5.0,2.0,4.0,5.0,3.0,5.0,5.0,5.0,5.0
t3r22fl3ks5chgwi9i8t3r22pjpib77y,2.0,2.0,5.0,4.0,2.0,1.0,2.0,5.0,1.0,2.0,5.0,2.0,4.0,2.0,5.0,4.0,5.0,5.0,5.0,3.0,2.0,3.0,5.0,1.0,4.0,3.0,3.0,3.0,5.0,5.0,3.0,5.0,4.0,5.0,4.0,5.0,5.0,4.0,4.0,4.0,5.0,5.0,3.0,5.0,4.0,3.0,2.0,5.0,5.0,3.0,5.0,5.0,4.0,4.0,4.0,5.0,5.0,1.0,3.0,5.0,5.0,5.0,5.0,5.0,3.0,5.0,5.0,5.0,4.0,5.0,5.0,5.0,5.0,4.0,5.0,1.0,5.0,4.0,5.0,5.0,2.0,5.0,3.0,4.0,5.0,5.0,5.0,5.0,4.0,4.0,4.0,5.0,5.0,5.0,5.0
rbljbqv29xen1vzn2j5lrbljbqy24zhq,2.0,2.0,2.0,4.0,5.0,5.0,5.0,5.0,1.0,2.0,4.0,4.0,4.0,4.0,4.0,2.0,5.0,4.0,5.0,4.0,3.0,2.0,1.0,1.0,3.0,1.0,5.0,1.0,2.0,3.0,4.0,4.0,3.0,4.0,1.0,1.0,4.0,2.0,3.0,4.0,3.0,3.0,4.0,4.0,2.0,5.0,5.0,2.0,4.0,5.0,3.0,4.0,3.0,5.0,3.0,4.0,4.0,2.0,1.0,5.0,5.0,5.0,4.0,2.0,1.0,2.0,3.0,3.0,4.0,2.0,3.0,3.0,2.0,3.0,2.0,2.0,5.0,2.0,2.0,5.0,5.0,2.0,2.0,4.0,4.0,3.0,5.0,5.0,5.0,4.0,3.0,4.0,4.0,4.0,3.0
n010vdzzd3cwdxpnxn01hhnzhdgqyt0o,5.0,1.0,5.0,2.0,4.0,1.0,2.0,2.0,1.0,2.0,1.0,4.0,4.0,1.0,5.0,2.0,4.0,4.0,5.0,3.0,2.0,1.0,1.0,4.0,3.0,1.0,5.0,1.0,1.0,1.0,4.0,3.0,3.0,4.0,1.0,1.0,5.0,1.0,1.0,5.0,1.0,3.0,4.0,4.0,3.0,3.0,4.0,3.0,3.0,5.0,1.0,5.0,2.0,4.0,1.0,4.0,4.0,3.0,2.0,2.0,3.0,4.0,4.0,3.0,3.0,3.0,3.0,3.0,3.0,3.0,2.0,3.0,1.0,1.0,3.0,3.0,3.0,3.0,1.0,3.0,5.0,3.0,2.0,2.0,4.0,3.0,5.0,5.0,3.0,5.0,5.0,3.0,3.0,4.0,3.0
jeokp8oexcber3bjmvjeo2n5kbyhdclh,2.0,4.0,5.0,2.0,2.0,4.0,1.0,5.0,4.0,4.0,1.0,5.0,4.0,2.0,1.0,4.0,5.0,5.0,5.0,3.0,2.0,1.0,3.0,4.0,4.0,4.0,2.0,4.0,3.0,4.0,2.0,5.0,2.0,2.0,3.0,3.0,4.0,4.0,2.0,2.0,1.0,5.0,4.0,4.0,4.0,2.0,3.0,3.0,3.0,3.0,2.0,4.0,1.0,5.0,3.0,4.0,4.0,2.0,3.0,3.0,4.0,4.0,4.0,4.0,3.0,4.0,4.0,2.0,2.0,2.0,3.0,3.0,4.0,4.0,3.0,3.0,5.0,3.0,3.0,5.0,2.0,5.0,2.0,3.0,3.0,3.0,3.0,4.0,5.0,2.0,4.0,5.0,3.0,5.0,5.0
bho8zpjgzxyp9ijxspbho8zpp709n2s4,5.0,5.0,2.0,2.0,2.0,5.0,4.0,5.0,5.0,5.0,4.0,4.0,4.0,4.0,5.0,5.0,5.0,5.0,5.0,5.0,2.0,2.0,5.0,5.0,5.0,5.0,1.0,5.0,5.0,5.0,1.0,5.0,4.0,5.0,5.0,5.0,5.0,5.0,5.0,5.0,4.0,5.0,5.0,5.0,5.0,5.0,1.0,5.0,5.0,1.0,1.0,5.0,4.0,5.0,5.0,5.0,5.0,1.0,4.0,5.0,5.0,5.0,3.0,5.0,5.0,5.0,5.0,3.0,5.0,5.0,5.0,5.0,5.0,4.0,4.0,2.0,4.0,4.0,4.0,5.0,5.0,5.0,5.0,5.0,5.0,5.0,5.0,5.0,5.0,5.0,5.0,5.0,5.0,4.0,4.0
jvyg80aaessr86bb1h10jvyg8lgoyxcb,4.0,2.0,5.0,4.0,5.0,1.0,5.0,5.0,5.0,2.0,4.0,4.0,5.0,4.0,5.0,1.0,5.0,5.0,5.0,3.0,5.0,3.0,3.0,1.0,2.0,3.0,4.0,2.0,2.0,3.0,3.0,3.0,1.0,3.0,3.0,2.0,2.0,1.0,5.0,4.0,3.0,3.0,3.0,5.0,3.0,3.0,4.0,1.0,5.0,5.0,5.0,5.0,2.0,4.0,2.0,5.0,3.0,1.0,4.0,4.0,5.0,4.0,4.0,3.0,2.0,3.0,2.0,4.0,4.0,3.0,4.0,4.0,3.0,3.0,4.0,2.0,4.0,4.0,3.0,5.0,5.0,5.0,3.0,1.0,3.0,3.0,5.0,5.0,4.0,2.0,5.0,5.0,5.0,5.0,5.0
hf4s37u7g23umxxxcy1khf4s37u9ossj,2.0,2.0,5.0,2.0,5.0,5.0,5.0,5.0,4.0,4.0,4.0,4.0,4.0,4.0,5.0,2.0,5.0,4.0,5.0,3.0,4.0,3.0,3.0,3.0,4.0,3.0,1.0,4.0,3.0,5.0,1.0,4.0,3.0,2.0,3.0,2.0,3.0,2.0,3.0,4.0,3.0,4.0,3.0,3.0,3.0,3.0,2.0,4.0,3.0,2.0,4.0,3.0,1.0,3.0,3.0,3.0,3.0,2.0,3.0,4.0,5.0,4.0,3.0,3.0,5.0,3.0,3.0,3.0,4.0,3.0,3.0,4.0,3.0,3.0,3.0,2.0,5.0,3.0,3.0,3.0,4.0,5.0,3.0,5.0,3.0,1.0,2.0,3.0,5.0,5.0,5.0,5.0,3.0,3.0,3.0
h0iop4m7268gdh9h0iop1xvufdkdxmek,4.0,2.0,1.0,2.0,2.0,1.0,5.0,5.0,4.0,1.0,4.0,4.0,5.0,2.0,1.0,2.0,4.0,4.0,5.0,5.0,4.0,5.0,5.0,5.0,4.0,4.0,2.0,5.0,5.0,5.0,1.0,5.0,5.0,5.0,5.0,5.0,5.0,5.0,4.0,5.0,4.0,5.0,5.0,5.0,5.0,5.0,1.0,3.0,5.0,5.0,5.0,2.0,4.0,3.0,5.0,5.0,5.0,2.0,3.0,5.0,5.0,5.0,5.0,5.0,5.0,5.0,5.0,4.0,5.0,5.0,5.0,4.0,4.0,3.0,5.0,3.0,5.0,4.0,3.0,5.0,5.0,5.0,3.0,5.0,5.0,5.0,5.0,5.0,4.0,5.0,5.0,5.0,3.0,4.0,3.0
3aq1voqmzjza1ilcv1j29vcr3aq1voqr,2.0,1.0,5.0,4.0,5.0,1.0,5.0,5.0,5.0,2.0,5.0,2.0,5.0,2.0,5.0,2.0,5.0,4.0,1.0,3.0,3.0,4.0,5.0,4.0,4.0,5.0,2.0,5.0,5.0,5.0,2.0,5.0,3.0,4.0,5.0,5.0,5.0,5.0,5.0,5.0,5.0,5.0,5.0,5.0,5.0,5.0,1.0,5.0,5.0,2.0,5.0,5.0,3.0,4.0,5.0,5.0,5.0,1.0,5.0,5.0,5.0,5.0,5.0,5.0,4.0,5.0,5.0,5.0,5.0,5.0,5.0,5.0,4.0,5.0,5.0,1.0,5.0,4.0,4.0,5.0,5.0,5.0,5.0,5.0,5.0,3.0,5.0,4.0,5.0,1.0,5.0,5.0,5.0,5.0,5.0
omxmmox9w49s91mjbs4omxmmgvpscb5a,4.0,2.0,4.0,2.0,2.0,5.0,2.0,2.0,2.0,4.0,1.0,4.0,4.0,4.0,4.0,5.0,4.0,2.0,5.0,3.0,3.0,3.0,4.0,2.0,3.0,4.0,2.0,4.0,3.0,4.0,3.0,3.0,4.0,3.0,5.0,4.0,5.0,3.0,4.0,5.0,3.0,5.0,4.0,4.0,3.0,5.0,2.0,5.0,5.0,3.0,3.0,5.0,3.0,4.0,5.0,4.0,5.0,2.0,4.0,4.0,5.0,5.0,5.0,5.0,3.0,4.0,4.0,5.0,4.0,4.0,5.0,4.0,3.0,4.0,4.0,1.0,5.0,3.0,4.0,4.0,5.0,3.0,5.0,2.0,5.0,3.0,5.0,5.0,3.0,5.0,5.0,4.0,5.0,4.0,5.0
4da24oaqs0jsk9mplvov4da24o7e4dza,4.0,2.0,5.0,4.0,5.0,2.0,4.0,5.0,2.0,5.0,4.0,4.0,5.0,4.0,5.0,5.0,2.0,2.0,5.0,4.0,2.0,3.0,1.0,1.0,4.0,1.0,4.0,2.0,3.0,1.0,4.0,4.0,3.0,3.0,1.0,4.0,5.0,2.0,3.0,5.0,3.0,4.0,4.0,5.0,4.0,4.0,4.0,2.0,4.0,4.0,3.0,4.0,4.0,4.0,2.0,4.0,4.0,2.0,3.0,4.0,4.0,4.0,4.0,3.0,2.0,3.0,3.0,3.0,3.0,3.0,4.0,4.0,4.0,3.0,4.0,2.0,4.0,3.0,3.0,4.0,3.0,4.0,2.0,3.0,4.0,4.0,4.0,3.0,4.0,3.0,4.0,3.0,4.0,4.0,4.0
c7z7va9kwc54is4wnc7z7vrhv0muzy9w,4.0,2.0,5.0,5.0,2.0,4.0,5.0,4.0,2.0,4.0,2.0,4.0,4.0,1.0,1.0,5.0,2.0,2.0,1.0,3.0,5.0,2.0,2.0,3.0,5.0,3.0,3.0,2.0,3.0,3.0,2.0,3.0,4.0,3.0,3.0,5.0,4.0,2.0,3.0,4.0,3.0,5.0,2.0,2.0,4.0,2.0,3.0,2.0,3.0,4.0,1.0,3.0,2.0,3.0,2.0,5.0,4.0,1.0,4.0,5.0,5.0,4.0,3.0,4.0,3.0,2.0,3.0,3.0,3.0,3.0,3.0,3.0,4.0,2.0,2.0,3.0,5.0,2.0,3.0,5.0,5.0,4.0,3.0,4.0,3.0,2.0,3.0,2.0,4.0,5.0,3.0,5.0,3.0,5.0,5.0
frcg192cvwnymp8psfrcg166nsb3esb5,2.0,4.0,5.0,5.0,5.0,4.0,2.0,5.0,1.0,2.0,4.0,4.0,4.0,4.0,5.0,5.0,1.0,1.0,2.0,5.0,5.0,1.0,1.0,4.0,4.0,1.0,5.0,1.0,2.0,3.0,4.0,4.0,5.0,4.0,3.0,4.0,5.0,3.0,3.0,5.0,2.0,5.0,3.0,5.0,3.0,2.0,4.0,2.0,1.0,3.0,1.0,4.0,3.0,2.0,2.0,3.0,4.0,1.0,3.0,5.0,5.0,5.0,3.0,2.0,2.0,1.0,2.0,3.0,3.0,4.0,3.0,3.0,3.0,1.0,5.0,3.0,5.0,3.0,3.0,5.0,5.0,5.0,2.0,1.0,4.0,1.0,3.0,2.0,4.0,3.0,3.0,5.0,4.0,4.0,4.0
r88pia4cfkbrs94hzu7mr88pi49spxvd,2.0,2.0,5.0,1.0,2.0,2.0,1.0,5.0,4.0,2.0,4.0,2.0,4.0,2.0,5.0,5.0,4.0,1.0,5.0,3.0,3.0,3.0,3.0,4.0,3.0,2.0,3.0,3.0,2.0,3.0,3.0,3.0,4.0,3.0,3.0,2.0,4.0,3.0,3.0,2.0,3.0,3.0,3.0,3.0,3.0,3.0,3.0,2.0,3.0,3.0,3.0,3.0,2.0,3.0,3.0,2.0,3.0,2.0,3.0,3.0,5.0,3.0,3.0,3.0,2.0,4.0,3.0,4.0,3.0,3.0,3.0,4.0,3.0,3.0,3.0,2.0,4.0,3.0,3.0,4.0,3.0,4.0,2.0,2.0,3.0,3.0,5.0,5.0,3.0,5.0,5.0,5.0,4.0,5.0,5.0
rnt3m69cc48kr2rnt3mq2ot6hs7lrlcl,4.0,5.0,2.0,2.0,5.0,1.0,1.0,5.0,2.0,2.0,5.0,1.0,4.0,2.0,5.0,1.0,2.0,5.0,1.0,4.0,3.0,3.0,5.0,3.0,1.0,5.0,1.0,4.0,5.0,5.0,2.0,5.0,3.0,4.0,5.0,4.0,5.0,4.0,4.0,4.0,4.0,5.0,4.0,4.0,4.0,5.0,1.0,5.0,4.0,3.0,4.0,5.0,2.0,4.0,4.0,5.0,4.0,1.0,4.0,4.0,5.0,5.0,4.0,5.0,3.0,5.0,5.0,3.0,3.0,3.0,3.0,3.0,3.0,3.0,3.0,2.0,4.0,3.0,3.0,5.0,3.0,3.0,3.0,2.0,4.0,5.0,5.0,5.0,4.0,5.0,5.0,5.0,4.0,4.0,4.0
0ece3fauhi5gob9vty460ece31glad6h,4.0,4.0,2.0,2.0,2.0,4.0,2.0,5.0,4.0,4.0,4.0,4.0,2.0,5.0,5.0,2.0,5.0,4.0,1.0,5.0,3.0,2.0,4.0,4.0,5.0,5.0,3.0,2.0,5.0,5.0,1.0,5.0,3.0,5.0,5.0,4.0,5.0,2.0,3.0,4.0,1.0,5.0,4.0,5.0,4.0,4.0,3.0,3.0,4.0,2.0,1.0,5.0,4.0,4.0,2.0,1.0,5.0,1.0,4.0,5.0,4.0,5.0,5.0,4.0,1.0,4.0,2.0,3.0,4.0,3.0,3.0,2.0,4.0,2.0,2.0,3.0,5.0,4.0,2.0,4.0,5.0,4.0,5.0,4.0,5.0,2.0,5.0,3.0,5.0,4.0,4.0,5.0,4.0,5.0,5.0
d4bkaaqty5m4sgd4bkai173u5oax3knw,2.0,4.0,5.0,2.0,2.0,4.0,5.0,1.0,2.0,2.0,4.0,4.0,2.0,4.0,4.0,5.0,1.0,2.0,5.0,3.0,3.0,1.0,1.0,5.0,2.0,2.0,4.0,4.0,3.0,5.0,1.0,4.0,5.0,2.0,5.0,5.0,5.0,2.0,4.0,2.0,3.0,4.0,5.0,5.0,3.0,5.0,2.0,4.0,5.0,5.0,5.0,3.0,3.0,5.0,3.0,5.0,4.0,4.0,2.0,5.0,3.0,1.0,3.0,3.0,3.0,4.0,5.0,1.0,4.0,2.0,2.0,4.0,3.0,1.0,1.0,3.0,3.0,4.0,3.0,5.0,4.0,3.0,3.0,3.0,1.0,5.0,2.0,2.0,3.0,5.0,3.0,5.0,2.0,3.0,4.0
62ygayg5o82fpb0b62yg65kaobpnyncv,4.0,5.0,5.0,2.0,5.0,2.0,2.0,5.0,4.0,5.0,5.0,4.0,4.0,4.0,4.0,4.0,4.0,4.0,4.0,3.0,3.0,4.0,5.0,5.0,4.0,4.0,2.0,4.0,4.0,4.0,2.0,4.0,4.0,4.0,4.0,4.0,4.0,4.0,4.0,4.0,4.0,4.0,4.0,4.0,4.0,4.0,1.0,5.0,4.0,3.0,4.0,1.0,4.0,4.0,5.0,4.0,4.0,1.0,4.0,5.0,5.0,5.0,5.0,4.0,5.0,4.0,5.0,4.0,4.0,4.0,4.0,5.0,4.0,5.0,4.0,2.0,5.0,4.0,5.0,4.0,1.0,4.0,1.0,2.0,5.0,4.0,2.0,2.0,4.0,2.0,2.0,2.0,4.0,5.0,4.0
r6jml7nqb2dto9r6h433ne81ycilwmhx,2.0,2.0,4.0,5.0,1.0,2.0,5.0,2.0,1.0,1.0,2.0,4.0,5.0,5.0,5.0,2.0,4.0,4.0,1.0,2.0,1.0,1.0,3.0,4.0,4.0,4.0,2.0,1.0,3.0,5.0,1.0,1.0,1.0,4.0,2.0,2.0,3.0,3.0,1.0,3.0,1.0,5.0,2.0,2.0,4.0,3.0,3.0,3.0,2.0,1.0,1.0,5.0,2.0,4.0,2.0,1.0,3.0,1.0,2.0,3.0,5.0,3.0,3.0,3.0,3.0,4.0,3.0,3.0,3.0,2.0,4.0,5.0,4.0,2.0,3.0,2.0,5.0,5.0,4.0,5.0,4.0,3.0,2.0,5.0,1.0,1.0,1.0,1.0,4.0,3.0,5.0,5.0,5.0,5.0,5.0
z6gynqi7hxell7z4z6gypo3f315mbb57,4.0,2.0,5.0,5.0,2.0,5.0,5.0,5.0,4.0,5.0,5.0,4.0,4.0,4.0,5.0,1.0,5.0,2.0,5.0,4.0,4.0,4.0,4.0,3.0,5.0,5.0,3.0,4.0,3.0,5.0,1.0,4.0,5.0,4.0,4.0,3.0,5.0,3.0,5.0,3.0,5.0,5.0,5.0,4.0,3.0,4.0,2.0,4.0,4.0,5.0,1.0,5.0,3.0,4.0,4.0,3.0,4.0,1.0,4.0,5.0,5.0,5.0,5.0,4.0,4.0,5.0,5.0,5.0,4.0,5.0,4.0,4.0,4.0,5.0,5.0,1.0,5.0,4.0,3.0,5.0,5.0,5.0,3.0,2.0,5.0,3.0,5.0,5.0,5.0,5.0,3.0,5.0,4.0,5.0,5.0
1rpx0ac22m4n25ki1hu91rpx02b436ah,4.0,4.0,4.0,4.0,2.0,5.0,4.0,5.0,2.0,2.0,5.0,4.0,5.0,5.0,5.0,1.0,2.0,4.0,5.0,4.0,2.0,1.0,1.0,1.0,3.0,1.0,4.0,1.0,1.0,2.0,3.0,3.0,3.0,4.0,1.0,1.0,3.0,1.0,3.0,1.0,2.0,4.0,3.0,4.0,5.0,3.0,3.0,1.0,1.0,5.0,1.0,2.0,3.0,4.0,3.0,5.0,4.0,2.0,1.0,4.0,4.0,4.0,4.0,3.0,1.0,2.0,2.0,2.0,2.0,3.0,3.0,3.0,3.0,2.0,3.0,2.0,4.0,3.0,3.0,4.0,3.0,4.0,2.0,4.0,3.0,1.0,3.0,2.0,3.0,3.0,2.0,5.0,3.0,3.0,3.0
kf3eosutrfokbkf3eoyftppwdc2gtimd,1.0,2.0,1.0,4.0,2.0,2.0,2.0,5.0,2.0,2.0,5.0,4.0,4.0,2.0,1.0,5.0,4.0,1.0,1.0,4.0,3.0,2.0,3.0,4.0,4.0,3.0,3.0,5.0,1.0,3.0,3.0,4.0,2.0,2.0,4.0,3.0,5.0,2.0,3.0,4.0,2.0,4.0,4.0,5.0,5.0,5.0,1.0,3.0,3.0,4.0,1.0,3.0,4.0,5.0,4.0,3.0,4.0,2.0,3.0,4.0,4.0,5.0,4.0,4.0,4.0,4.0,4.0,4.0,4.0,3.0,3.0,4.0,4.0,4.0,5.0,2.0,4.0,3.0,4.0,4.0,5.0,2.0,3.0,2.0,4.0,2.0,5.0,2.0,3.0,5.0,4.0,5.0,5.0,4.0,4.0
hxeoiw2aewfl1vs35hxeo3wadrxarnyp,2.0,4.0,5.0,2.0,4.0,2.0,4.0,2.0,4.0,2.0,4.0,2.0,2.0,4.0,2.0,1.0,4.0,4.0,4.0,3.0,3.0,3.0,3.0,1.0,3.0,3.0,3.0,3.0,3.0,3.0,3.0,3.0,3.0,3.0,3.0,3.0,3.0,4.0,1.0,3.0,1.0,3.0,3.0,3.0,3.0,3.0,3.0,4.0,4.0,4.0,3.0,3.0,3.0,3.0,3.0,3.0,3.0,2.0,1.0,3.0,3.0,4.0,4.0,3.0,4.0,3.0,3.0,3.0,3.0,3.0,3.0,3.0,1.0,3.0,3.0,3.0,3.0,4.0,3.0,1.0,5.0,3.0,3.0,3.0,3.0,3.0,3.0,5.0,2.0,5.0,5.0,5.0,3.0,3.0,3.0
fy4mw3g56zv034m0fy45571nme1n1v62,2.0,2.0,5.0,2.0,5.0,5.0,4.0,5.0,2.0,5.0,4.0,4.0,4.0,4.0,5.0,5.0,5.0,5.0,1.0,3.0,5.0,2.0,1.0,5.0,5.0,2.0,4.0,3.0,2.0,5.0,1.0,5.0,1.0,4.0,2.0,1.0,5.0,2.0,3.0,5.0,2.0,5.0,3.0,5.0,4.0,3.0,1.0,3.0,5.0,5.0,1.0,5.0,4.0,5.0,4.0,5.0,3.0,1.0,4.0,4.0,5.0,5.0,4.0,3.0,3.0,3.0,3.0,5.0,5.0,2.0,4.0,4.0,3.0,2.0,5.0,3.0,5.0,2.0,1.0,5.0,5.0,3.0,4.0,3.0,4.0,2.0,5.0,5.0,3.0,4.0,5.0,5.0,4.0,3.0,3.0
y2tz3jwu362s4p9cy2t2suy1knjs58q5,2.0,4.0,4.0,5.0,2.0,5.0,2.0,5.0,5.0,5.0,5.0,4.0,4.0,4.0,5.0,5.0,4.0,4.0,5.0,3.0,5.0,3.0,5.0,3.0,3.0,3.0,3.0,3.0,3.0,5.0,3.0,3.0,3.0,3.0,3.0,3.0,3.0,3.0,3.0,4.0,3.0,5.0,3.0,3.0,3.0,4.0,3.0,3.0,3.0,5.0,3.0,5.0,3.0,3.0,3.0,5.0,3.0,2.0,3.0,5.0,5.0,5.0,5.0,3.0,3.0,5.0,5.0,5.0,3.0,5.0,5.0,3.0,4.0,5.0,5.0,3.0,4.0,4.0,2.0,5.0,5.0,5.0,5.0,2.0,4.0,3.0,5.0,5.0,4.0,5.0,3.0,5.0,4.0,4.0,5.0
dmm60mjennzbs27uvdmm60mjyxzcfsfa,4.0,2.0,2.0,5.0,2.0,5.0,5.0,5.0,2.0,4.0,1.0,4.0,5.0,4.0,5.0,5.0,2.0,4.0,5.0,3.0,5.0,2.0,5.0,3.0,4.0,3.0,2.0,5.0,2.0,5.0,1.0,5.0,4.0,4.0,5.0,5.0,5.0,3.0,4.0,5.0,2.0,5.0,2.0,5.0,3.0,2.0,1.0,2.0,3.0,4.0,3.0,5.0,4.0,4.0,5.0,5.0,4.0,3.0,4.0,4.0,5.0,4.0,2.0,2.0,4.0,5.0,3.0,3.0,3.0,4.0,3.0,2.0,4.0,3.0,2.0,2.0,5.0,2.0,3.0,5.0,5.0,3.0,5.0,3.0,4.0,3.0,5.0,4.0,5.0,5.0,4.0,5.0,3.0,5.0,4.0
hu5m5abtipixt25hu5m42fwhsdqww2zp,2.0,2.0,2.0,2.0,5.0,2.0,4.0,5.0,4.0,2.0,1.0,4.0,4.0,2.0,5.0,5.0,4.0,5.0,4.0,5.0,3.0,3.0,4.0,5.0,5.0,4.0,2.0,5.0,5.0,4.0,1.0,5.0,5.0,5.0,5.0,4.0,5.0,5.0,4.0,4.0,5.0,5.0,5.0,5.0,3.0,5.0,1.0,5.0,4.0,4.0,1.0,5.0,3.0,5.0,1.0,5.0,5.0,2.0,4.0,5.0,5.0,5.0,4.0,5.0,4.0,5.0,5.0,4.0,4.0,4.0,4.0,3.0,4.0,5.0,4.0,2.0,4.0,2.0,4.0,5.0,5.0,5.0,5.0,4.0,5.0,5.0,5.0,5.0,4.0,5.0,5.0,5.0,5.0,5.0,4.0
311j448ld99fkam5311j1bjv9eerzag6,2.0,2.0,2.0,2.0,2.0,4.0,5.0,1.0,4.0,5.0,5.0,5.0,4.0,4.0,4.0,2.0,5.0,4.0,5.0,3.0,2.0,1.0,4.0,4.0,5.0,2.0,3.0,4.0,4.0,5.0,3.0,4.0,4.0,4.0,5.0,5.0,3.0,4.0,5.0,5.0,5.0,5.0,3.0,4.0,4.0,3.0,1.0,4.0,3.0,3.0,4.0,5.0,3.0,4.0,4.0,3.0,4.0,2.0,2.0,5.0,5.0,4.0,5.0,3.0,3.0,5.0,5.0,4.0,4.0,5.0,5.0,5.0,5.0,4.0,2.0,2.0,5.0,3.0,4.0,5.0,5.0,5.0,3.0,2.0,5.0,5.0,5.0,3.0,5.0,5.0,5.0,5.0,5.0,5.0,5.0
gcjgr2wy4yuqho6g9gcj56ldtnfvwrc1,4.0,5.0,1.0,5.0,2.0,4.0,5.0,5.0,5.0,5.0,4.0,2.0,4.0,4.0,5.0,5.0,4.0,5.0,5.0,5.0,5.0,5.0,5.0,4.0,5.0,5.0,1.0,5.0,5.0,5.0,1.0,5.0,3.0,5.0,5.0,5.0,5.0,4.0,5.0,4.0,5.0,5.0,5.0,5.0,4.0,5.0,1.0,5.0,5.0,5.0,4.0,5.0,4.0,4.0,5.0,5.0,5.0,1.0,5.0,5.0,5.0,5.0,5.0,5.0,5.0,5.0,5.0,4.0,5.0,5.0,5.0,5.0,5.0,5.0,5.0,2.0,5.0,4.0,5.0,5.0,5.0,5.0,5.0,5.0,5.0,5.0,5.0,5.0,5.0,5.0,5.0,5.0,5.0,5.0,5.0
66zspzv8awnpv4n66zsps4eyshbu1n4t,2.0,2.0,1.0,2.0,2.0,2.0,5.0,1.0,4.0,5.0,4.0,4.0,5.0,1.0,5.0,4.0,4.0,4.0,5.0,4.0,5.0,3.0,5.0,4.0,5.0,5.0,1.0,4.0,5.0,5.0,1.0,5.0,5.0,4.0,5.0,5.0,5.0,5.0,5.0,5.0,3.0,5.0,4.0,5.0,3.0,5.0,1.0,5.0,5.0,5.0,1.0,5.0,3.0,5.0,5.0,3.0,4.0,1.0,4.0,5.0,5.0,4.0,4.0,5.0,5.0,5.0,5.0,4.0,4.0,4.0,4.0,4.0,4.0,3.0,4.0,3.0,5.0,4.0,4.0,4.0,5.0,5.0,5.0,5.0,5.0,3.0,3.0,4.0,5.0,3.0,2.0,5.0,3.0,4.0,5.0
fenkj0kdjb47ab6cyfenkj0gfwrzpdm4,4.0,4.0,1.0,2.0,2.0,1.0,1.0,5.0,5.0,4.0,4.0,5.0,4.0,4.0,5.0,5.0,2.0,5.0,1.0,3.0,2.0,2.0,5.0,3.0,4.0,4.0,2.0,3.0,3.0,5.0,1.0,3.0,3.0,3.0,5.0,2.0,5.0,3.0,2.0,4.0,2.0,5.0,3.0,3.0,4.0,4.0,2.0,4.0,3.0,4.0,1.0,5.0,1.0,3.0,1.0,5.0,2.0,3.0,3.0,3.0,4.0,3.0,4.0,2.0,3.0,5.0,3.0,3.0,3.0,2.0,3.0,3.0,3.0,3.0,1.0,2.0,3.0,1.0,2.0,5.0,3.0,5.0,5.0,3.0,3.0,4.0,5.0,4.0,4.0,5.0,5.0,5.0,3.0,3.0,3.0
mzx7n933lth6eihszh8mzx7n9cgofwqz,4.0,4.0,4.0,4.0,2.0,1.0,4.0,1.0,1.0,1.0,4.0,4.0,4.0,4.0,5.0,5.0,5.0,5.0,5.0,3.0,1.0,4.0,5.0,1.0,4.0,5.0,1.0,3.0,4.0,4.0,1.0,3.0,4.0,3.0,5.0,3.0,4.0,3.0,3.0,2.0,4.0,5.0,3.0,5.0,3.0,3.0,2.0,5.0,4.0,4.0,2.0,3.0,3.0,3.0,4.0,3.0,3.0,1.0,1.0,4.0,4.0,3.0,4.0,3.0,4.0,4.0,5.0,4.0,4.0,3.0,4.0,2.0,3.0,4.0,4.0,2.0,3.0,3.0,3.0,4.0,4.0,4.0,5.0,1.0,3.0,1.0,5.0,4.0,3.0,5.0,4.0,3.0,4.0,5.0,5.0
xmzv7e4725qtqva9c24xtytxmzv7udxy,2.0,4.0,1.0,2.0,2.0,5.0,1.0,5.0,4.0,5.0,5.0,4.0,4.0,4.0,5.0,1.0,5.0,2.0,5.0,4.0,4.0,5.0,5.0,5.0,5.0,5.0,1.0,4.0,4.0,5.0,1.0,5.0,4.0,4.0,5.0,4.0,5.0,5.0,5.0,5.0,3.0,5.0,5.0,4.0,4.0,4.0,1.0,5.0,4.0,2.0,1.0,5.0,4.0,4.0,4.0,5.0,5.0,1.0,5.0,5.0,5.0,5.0,5.0,5.0,4.0,5.0,5.0,5.0,5.0,5.0,5.0,5.0,5.0,5.0,5.0,1.0,5.0,5.0,5.0,5.0,5.0,5.0,2.0,2.0,5.0,4.0,5.0,5.0,5.0,1.0,5.0,5.0,5.0,5.0,5.0
g5fc0nspmy8hpml42gyg5fc0nhyibwsq,2.0,2.0,5.0,5.0,5.0,2.0,4.0,5.0,4.0,2.0,4.0,4.0,5.0,5.0,5.0,5.0,2.0,5.0,5.0,5.0,4.0,1.0,4.0,1.0,5.0,4.0,3.0,5.0,4.0,1.0,5.0,5.0,1.0,5.0,4.0,5.0,5.0,4.0,4.0,3.0,4.0,5.0,5.0,4.0,5.0,5.0,1.0,4.0,5.0,2.0,4.0,5.0,4.0,3.0,5.0,1.0,4.0,2.0,5.0,5.0,5.0,5.0,5.0,5.0,5.0,3.0,5.0,5.0,5.0,5.0,5.0,5.0,5.0,5.0,5.0,1.0,5.0,5.0,5.0,5.0,5.0,5.0,5.0,5.0,5.0,3.0,3.0,3.0,5.0,1.0,5.0,5.0,5.0,5.0,5.0
xbz3ntcxmzz8f7en7xpxbz35suxb7aka,5.0,4.0,5.0,5.0,2.0,4.0,5.0,4.0,2.0,5.0,4.0,4.0,4.0,1.0,5.0,5.0,4.0,4.0,1.0,4.0,4.0,1.0,4.0,4.0,3.0,3.0,3.0,4.0,3.0,4.0,2.0,4.0,3.0,4.0,5.0,3.0,5.0,3.0,4.0,5.0,1.0,5.0,4.0,4.0,4.0,5.0,1.0,3.0,4.0,3.0,1.0,5.0,4.0,4.0,3.0,2.0,4.0,2.0,1.0,3.0,4.0,4.0,4.0,4.0,3.0,4.0,4.0,3.0,4.0,4.0,4.0,2.0,3.0,3.0,4.0,3.0,4.0,2.0,2.0,5.0,4.0,3.0,4.0,2.0,4.0,5.0,5.0,4.0,4.0,3.0,4.0,5.0,4.0,4.0,2.0
f8lisp3wtl3f8hbtsacejut4z56nync9,1.0,2.0,4.0,1.0,2.0,2.0,2.0,2.0,1.0,2.0,2.0,1.0,4.0,1.0,2.0,1.0,2.0,5.0,1.0,1.0,2.0,1.0,3.0,5.0,2.0,1.0,5.0,3.0,3.0,1.0,2.0,5.0,1.0,3.0,3.0,2.0,2.0,1.0,2.0,1.0,3.0,3.0,3.0,1.0,3.0,3.0,3.0,3.0,2.0,3.0,4.0,3.0,3.0,2.0,4.0,5.0,3.0,2.0,3.0,3.0,3.0,3.0,3.0,2.0,3.0,3.0,4.0,2.0,2.0,4.0,5.0,3.0,3.0,3.0,2.0,3.0,3.0,4.0,4.0,3.0,1.0,4.0,1.0,3.0,4.0,5.0,5.0,5.0,3.0,3.0,3.0,5.0,3.0,3.0,4.0
iiteys6itnvtcyftp6ciiteysmj0ktdm,2.0,2.0,2.0,2.0,2.0,2.0,1.0,5.0,4.0,5.0,5.0,2.0,4.0,4.0,5.0,1.0,4.0,5.0,5.0,4.0,4.0,5.0,5.0,5.0,4.0,5.0,1.0,5.0,5.0,5.0,2.0,4.0,4.0,4.0,5.0,4.0,5.0,4.0,5.0,5.0,5.0,5.0,5.0,5.0,4.0,5.0,1.0,5.0,5.0,5.0,2.0,5.0,4.0,4.0,5.0,3.0,4.0,1.0,5.0,5.0,5.0,5.0,4.0,5.0,5.0,5.0,5.0,5.0,5.0,4.0,5.0,5.0,5.0,5.0,5.0,2.0,5.0,4.0,5.0,5.0,5.0,4.0,5.0,3.0,4.0,4.0,5.0,4.0,4.0,5.0,3.0,5.0,4.0,5.0,4.0
9uaif180p9615f2usmp9ufwqjl53949b,4.0,1.0,5.0,5.0,2.0,5.0,4.0,5.0,2.0,2.0,4.0,4.0,4.0,4.0,5.0,5.0,4.0,4.0,5.0,3.0,4.0,3.0,3.0,2.0,3.0,2.0,3.0,3.0,2.0,4.0,3.0,3.0,4.0,3.0,3.0,2.0,3.0,3.0,3.0,5.0,4.0,5.0,3.0,4.0,4.0,4.0,2.0,3.0,3.0,5.0,1.0,5.0,3.0,3.0,3.0,3.0,3.0,1.0,4.0,4.0,4.0,4.0,3.0,3.0,3.0,3.0,3.0,3.0,3.0,3.0,5.0,4.0,3.0,3.0,2.0,3.0,5.0,3.0,3.0,5.0,3.0,4.0,3.0,2.0,4.0,3.0,3.0,2.0,4.0,2.0,4.0,4.0,3.0,4.0,4.0
cz8x5ivpu5lcx6rcz8g4qgeg78lhf7o4,2.0,2.0,5.0,1.0,2.0,5.0,1.0,5.0,2.0,1.0,5.0,5.0,5.0,5.0,4.0,2.0,2.0,2.0,1.0,4.0,4.0,2.0,3.0,5.0,3.0,3.0,3.0,4.0,4.0,3.0,3.0,3.0,2.0,2.0,4.0,2.0,3.0,3.0,2.0,3.0,2.0,5.0,4.0,3.0,2.0,3.0,2.0,5.0,3.0,2.0,4.0,4.0,3.0,4.0,4.0,4.0,4.0,3.0,3.0,5.0,2.0,4.0,2.0,3.0,3.0,2.0,3.0,2.0,3.0,3.0,1.0,1.0,3.0,2.0,1.0,4.0,5.0,2.0,3.0,5.0,4.0,3.0,3.0,3.0,3.0,3.0,3.0,3.0,4.0,1.0,1.0,4.0,2.0,5.0,4.0
sd2qq76xps7f7035mosd2qq79twyw4w1,2.0,5.0,5.0,2.0,2.0,5.0,5.0,4.0,4.0,5.0,4.0,4.0,4.0,4.0,5.0,5.0,4.0,4.0,5.0,5.0,5.0,3.0,5.0,5.0,4.0,5.0,2.0,5.0,5.0,5.0,1.0,4.0,5.0,4.0,5.0,5.0,4.0,4.0,5.0,5.0,1.0,5.0,4.0,5.0,4.0,4.0,3.0,5.0,5.0,5.0,4.0,5.0,3.0,4.0,4.0,5.0,4.0,2.0,3.0,3.0,5.0,5.0,4.0,3.0,3.0,3.0,4.0,3.0,3.0,3.0,4.0,4.0,4.0,2.0,5.0,2.0,4.0,3.0,3.0,5.0,5.0,5.0,2.0,1.0,4.0,4.0,4.0,5.0,5.0,5.0,5.0,5.0,4.0,4.0,5.0
kfb2gmii2aljhe0l0586kfb2gmilc58s,2.0,2.0,1.0,2.0,5.0,1.0,1.0,2.0,4.0,5.0,4.0,4.0,4.0,2.0,1.0,1.0,2.0,1.0,1.0,5.0,5.0,3.0,1.0,5.0,5.0,1.0,1.0,5.0,4.0,5.0,1.0,5.0,1.0,3.0,1.0,4.0,5.0,1.0,1.0,5.0,5.0,5.0,5.0,5.0,1.0,5.0,5.0,5.0,5.0,5.0,1.0,5.0,3.0,5.0,5.0,1.0,5.0,5.0,5.0,5.0,5.0,5.0,5.0,1.0,1.0,1.0,5.0,5.0,5.0,5.0,3.0,2.0,2.0,5.0,5.0,4.0,1.0,4.0,1.0,5.0,5.0,3.0,3.0,4.0,5.0,1.0,5.0,5.0,5.0,5.0,5.0,5.0,5.0,3.0,5.0
0xewtwph179wv5lip4ya0xewtw81udar,5.0,4.0,4.0,2.0,2.0,4.0,5.0,5.0,2.0,4.0,4.0,4.0,4.0,4.0,4.0,5.0,5.0,4.0,5.0,4.0,3.0,1.0,1.0,3.0,4.0,1.0,5.0,2.0,5.0,3.0,4.0,5.0,5.0,4.0,1.0,3.0,3.0,1.0,3.0,3.0,1.0,1.0,4.0,3.0,3.0,3.0,5.0,1.0,3.0,4.0,2.0,5.0,4.0,4.0,2.0,5.0,4.0,1.0,3.0,3.0,3.0,3.0,3.0,2.0,3.0,2.0,3.0,3.0,3.0,3.0,3.0,3.0,3.0,1.0,3.0,3.0,5.0,3.0,2.0,2.0,5.0,3.0,4.0,3.0,3.0,3.0,3.0,4.0,2.0,5.0,5.0,4.0,2.0,2.0,3.0
eazccmhvkopnw7fooeazc84jdlz0mws0,4.0,5.0,2.0,5.0,5.0,2.0,5.0,4.0,1.0,2.0,4.0,4.0,5.0,2.0,5.0,5.0,4.0,5.0,1.0,4.0,1.0,1.0,2.0,2.0,4.0,3.0,4.0,4.0,4.0,5.0,3.0,3.0,2.0,3.0,3.0,2.0,3.0,2.0,3.0,5.0,1.0,5.0,4.0,4.0,2.0,3.0,3.0,2.0,4.0,5.0,3.0,3.0,3.0,3.0,2.0,3.0,3.0,4.0,1.0,2.0,4.0,2.0,2.0,2.0,1.0,2.0,2.0,1.0,1.0,1.0,3.0,2.0,3.0,1.0,3.0,2.0,2.0,2.0,1.0,1.0,5.0,3.0,2.0,3.0,2.0,3.0,2.0,3.0,1.0,5.0,5.0,4.0,3.0,4.0,4.0
w07hj742e6fofxcw07tz90cspfvbi1s8,2.0,4.0,5.0,5.0,2.0,1.0,1.0,5.0,4.0,2.0,4.0,2.0,4.0,4.0,5.0,5.0,5.0,2.0,5.0,4.0,4.0,1.0,3.0,3.0,3.0,3.0,3.0,3.0,3.0,4.0,2.0,4.0,3.0,2.0,4.0,4.0,5.0,3.0,3.0,4.0,2.0,5.0,4.0,3.0,3.0,4.0,3.0,4.0,3.0,4.0,1.0,4.0,3.0,4.0,4.0,5.0,4.0,2.0,3.0,4.0,5.0,4.0,3.0,3.0,3.0,3.0,3.0,4.0,3.0,3.0,5.0,3.0,4.0,2.0,3.0,2.0,4.0,4.0,4.0,5.0,5.0,4.0,4.0,3.0,4.0,4.0,5.0,4.0,3.0,4.0,5.0,5.0,5.0,4.0,3.0
4v25u27yxudii5eme4v25upjlws4zun6,4.0,5.0,5.0,2.0,5.0,1.0,5.0,5.0,5.0,4.0,5.0,5.0,4.0,4.0,5.0,5.0,5.0,1.0,1.0,5.0,5.0,1.0,5.0,4.0,5.0,5.0,1.0,5.0,5.0,5.0,1.0,5.0,5.0,5.0,5.0,5.0,5.0,5.0,5.0,5.0,5.0,5.0,5.0,5.0,5.0,5.0,1.0,5.0,5.0,5.0,1.0,5.0,5.0,5.0,5.0,5.0,5.0,1.0,5.0,5.0,5.0,5.0,5.0,5.0,5.0,5.0,5.0,4.0,4.0,5.0,4.0,4.0,5.0,5.0,4.0,1.0,5.0,5.0,4.0,5.0,5.0,5.0,5.0,2.0,5.0,3.0,3.0,5.0,5.0,2.0,3.0,5.0,5.0,5.0,5.0
appcipyd6udosmubgappci02vo01nfkk,2.0,1.0,1.0,1.0,5.0,2.0,1.0,4.0,1.0,5.0,5.0,4.0,4.0,1.0,4.0,5.0,4.0,4.0,1.0,3.0,3.0,4.0,3.0,4.0,4.0,4.0,4.0,4.0,5.0,4.0,2.0,4.0,4.0,3.0,4.0,4.0,3.0,3.0,4.0,3.0,4.0,5.0,5.0,5.0,3.0,4.0,2.0,3.0,5.0,3.0,4.0,5.0,4.0,4.0,4.0,3.0,3.0,1.0,5.0,4.0,5.0,5.0,4.0,4.0,4.0,5.0,5.0,5.0,4.0,4.0,5.0,5.0,4.0,4.0,4.0,1.0,5.0,4.0,5.0,5.0,3.0,5.0,2.0,3.0,4.0,1.0,5.0,2.0,4.0,5.0,5.0,5.0,4.0,5.0,5.0
hlqsut79bvpuz1sayhl2tp3i7lhdz1jt,4.0,4.0,5.0,5.0,5.0,5.0,2.0,4.0,4.0,5.0,5.0,5.0,5.0,1.0,5.0,1.0,2.0,5.0,5.0,3.0,2.0,2.0,3.0,5.0,3.0,3.0,3.0,3.0,3.0,4.0,2.0,4.0,3.0,4.0,3.0,4.0,3.0,3.0,3.0,4.0,4.0,5.0,4.0,4.0,3.0,4.0,2.0,4.0,4.0,4.0,1.0,5.0,3.0,3.0,3.0,4.0,4.0,1.0,3.0,4.0,5.0,4.0,3.0,4.0,3.0,4.0,5.0,4.0,4.0,3.0,4.0,3.0,4.0,2.0,3.0,3.0,4.0,3.0,3.0,5.0,5.0,3.0,3.0,3.0,3.0,4.0,5.0,5.0,5.0,5.0,5.0,5.0,4.0,3.0,3.0
ifydv8xowbtvldx5aifydv8x1i0tpk01,2.0,2.0,1.0,4.0,5.0,1.0,1.0,5.0,5.0,2.0,1.0,4.0,4.0,4.0,5.0,2.0,2.0,1.0,5.0,5.0,5.0,2.0,3.0,5.0,3.0,3.0,2.0,2.0,3.0,5.0,3.0,5.0,4.0,5.0,4.0,5.0,5.0,5.0,5.0,5.0,5.0,5.0,5.0,5.0,2.0,5.0,3.0,3.0,4.0,4.0,5.0,5.0,3.0,5.0,5.0,5.0,5.0,1.0,5.0,4.0,5.0,5.0,4.0,3.0,4.0,5.0,5.0,3.0,3.0,4.0,4.0,4.0,4.0,3.0,3.0,3.0,4.0,4.0,3.0,5.0,3.0,4.0,2.0,2.0,3.0,4.0,5.0,5.0,5.0,5.0,5.0,4.0,5.0,5.0,5.0
tvmzaz89jny7j0jtvmzazbnul9cum36t,1.0,2.0,1.0,1.0,2.0,2.0,1.0,2.0,2.0,5.0,5.0,4.0,4.0,1.0,5.0,5.0,4.0,4.0,1.0,3.0,2.0,2.0,3.0,3.0,2.0,3.0,4.0,3.0,4.0,2.0,4.0,2.0,2.0,3.0,4.0,3.0,4.0,4.0,3.0,3.0,2.0,3.0,4.0,4.0,3.0,5.0,3.0,4.0,3.0,3.0,3.0,5.0,4.0,4.0,5.0,1.0,5.0,4.0,3.0,3.0,3.0,4.0,4.0,4.0,2.0,4.0,4.0,5.0,5.0,5.0,4.0,4.0,4.0,5.0,5.0,2.0,5.0,4.0,4.0,5.0,5.0,4.0,2.0,1.0,5.0,5.0,5.0,5.0,3.0,4.0,4.0,5.0,4.0,4.0,4.0
irb60s7ki4wc61di91bzirb60scx2o5u,4.0,2.0,5.0,2.0,2.0,1.0,1.0,5.0,5.0,2.0,1.0,5.0,4.0,1.0,5.0,1.0,2.0,5.0,5.0,3.0,3.0,1.0,5.0,5.0,5.0,4.0,3.0,4.0,1.0,3.0,3.0,4.0,3.0,5.0,3.0,5.0,5.0,4.0,3.0,4.0,1.0,5.0,4.0,4.0,1.0,4.0,3.0,2.0,5.0,5.0,1.0,5.0,3.0,3.0,3.0,5.0,5.0,2.0,2.0,5.0,5.0,5.0,5.0,3.0,3.0,4.0,2.0,3.0,3.0,3.0,5.0,3.0,2.0,3.0,5.0,2.0,4.0,1.0,2.0,5.0,5.0,3.0,3.0,5.0,4.0,2.0,4.0,5.0,5.0,5.0,5.0,5.0,5.0,4.0,4.0
xydgkl97nn9sexomxydgks5877mwlke3,2.0,5.0,4.0,2.0,2.0,4.0,1.0,5.0,1.0,2.0,4.0,4.0,4.0,4.0,1.0,5.0,4.0,4.0,5.0,2.0,2.0,1.0,5.0,2.0,3.0,5.0,3.0,4.0,5.0,5.0,1.0,4.0,4.0,5.0,5.0,4.0,4.0,3.0,3.0,4.0,3.0,5.0,3.0,5.0,4.0,4.0,1.0,5.0,4.0,5.0,3.0,5.0,1.0,4.0,5.0,4.0,4.0,2.0,3.0,4.0,5.0,5.0,4.0,3.0,3.0,3.0,3.0,3.0,3.0,4.0,4.0,3.0,4.0,3.0,4.0,3.0,4.0,3.0,4.0,5.0,5.0,5.0,5.0,3.0,4.0,2.0,5.0,5.0,4.0,5.0,5.0,4.0,4.0,4.0,5.0
hth417bxcoztnzpxq7o11hth417b36vh,2.0,4.0,1.0,1.0,2.0,1.0,1.0,5.0,2.0,2.0,1.0,4.0,4.0,1.0,5.0,5.0,2.0,1.0,5.0,4.0,3.0,3.0,5.0,2.0,4.0,4.0,3.0,5.0,5.0,5.0,3.0,5.0,4.0,4.0,5.0,3.0,5.0,4.0,5.0,5.0,4.0,5.0,4.0,5.0,3.0,5.0,1.0,4.0,5.0,2.0,5.0,5.0,3.0,4.0,5.0,5.0,5.0,1.0,3.0,4.0,5.0,5.0,4.0,4.0,4.0,5.0,5.0,5.0,4.0,5.0,4.0,3.0,4.0,4.0,5.0,1.0,5.0,4.0,4.0,5.0,5.0,4.0,5.0,2.0,4.0,3.0,5.0,5.0,5.0,5.0,3.0,5.0,4.0,5.0,5.0
tka8xlwnkwa1n7wj62watka8xnp6svrz,2.0,2.0,5.0,5.0,2.0,4.0,2.0,1.0,5.0,2.0,4.0,4.0,4.0,5.0,5.0,2.0,1.0,4.0,5.0,4.0,3.0,4.0,5.0,4.0,3.0,5.0,1.0,4.0,3.0,4.0,1.0,3.0,3.0,3.0,4.0,4.0,4.0,5.0,4.0,4.0,4.0,5.0,4.0,4.0,3.0,3.0,2.0,4.0,3.0,3.0,4.0,3.0,4.0,4.0,4.0,5.0,4.0,2.0,3.0,4.0,5.0,4.0,3.0,3.0,4.0,5.0,4.0,4.0,3.0,3.0,4.0,4.0,4.0,4.0,3.0,3.0,4.0,3.0,3.0,5.0,4.0,3.0,4.0,2.0,4.0,4.0,4.0,5.0,5.0,4.0,5.0,4.0,3.0,4.0,4.0
rcexhesb1tghhe0359bg13jrcexhesmg,4.0,2.0,2.0,2.0,2.0,2.0,1.0,5.0,5.0,5.0,5.0,2.0,4.0,4.0,5.0,1.0,4.0,1.0,5.0,3.0,5.0,3.0,5.0,4.0,5.0,5.0,1.0,5.0,4.0,5.0,1.0,5.0,4.0,5.0,5.0,5.0,5.0,5.0,5.0,3.0,3.0,5.0,5.0,5.0,5.0,4.0,1.0,5.0,5.0,2.0,5.0,3.0,3.0,3.0,5.0,1.0,5.0,1.0,5.0,5.0,5.0,5.0,5.0,5.0,4.0,5.0,5.0,5.0,5.0,5.0,5.0,5.0,5.0,5.0,4.0,1.0,5.0,5.0,4.0,5.0,5.0,5.0,5.0,5.0,5.0,5.0,5.0,5.0,5.0,5.0,5.0,5.0,5.0,5.0,4.0
8rqgjw6o4cs9djji9o8rqgjw2egxjg8x,4.0,2.0,1.0,5.0,2.0,4.0,1.0,5.0,4.0,5.0,5.0,4.0,4.0,1.0,5.0,5.0,4.0,4.0,1.0,4.0,5.0,3.0,5.0,5.0,5.0,5.0,1.0,5.0,5.0,5.0,1.0,5.0,4.0,5.0,5.0,4.0,5.0,5.0,5.0,5.0,3.0,5.0,5.0,5.0,5.0,5.0,1.0,5.0,5.0,3.0,4.0,5.0,5.0,3.0,5.0,5.0,5.0,2.0,5.0,5.0,5.0,5.0,4.0,5.0,5.0,5.0,5.0,5.0,5.0,5.0,3.0,4.0,5.0,5.0,4.0,2.0,5.0,4.0,5.0,5.0,5.0,4.0,5.0,1.0,5.0,5.0,5.0,4.0,5.0,3.0,4.0,5.0,5.0,5.0,5.0
j7c4e28t1eprtywj7nwwrgqhecvggdga,2.0,4.0,1.0,4.0,4.0,5.0,5.0,5.0,4.0,5.0,5.0,5.0,4.0,2.0,5.0,1.0,2.0,5.0,5.0,1.0,1.0,1.0,1.0,2.0,5.0,1.0,5.0,1.0,5.0,1.0,5.0,5.0,2.0,5.0,1.0,4.0,5.0,1.0,5.0,5.0,1.0,5.0,5.0,5.0,5.0,5.0,2.0,2.0,5.0,4.0,1.0,5.0,5.0,5.0,4.0,5.0,5.0,5.0,1.0,3.0,5.0,5.0,5.0,5.0,1.0,5.0,5.0,2.0,2.0,2.0,4.0,4.0,4.0,1.0,4.0,3.0,4.0,4.0,4.0,5.0,5.0,5.0,2.0,5.0,5.0,5.0,5.0,5.0,4.0,3.0,5.0,5.0,5.0,5.0,5.0
